temporada,fecha,local,visitante,goles_local,goles_visitante,resultado,log_local,log_empate,log_visitante,mer_local,mer_empate,mer_visitante,pred_logistica,pred_mercado
2018/2019,2018-07-21,Veracruz,UNAM Pumas,0,2,A,0.368297,0.279767,0.351936,0.337353,0.300353,0.362294,H,A
2018/2019,2018-07-21,Atlas,Queretaro,0,0,D,0.483471,0.264564,0.251965,0.416201,0.30467,0.279129,H,H
2018/2019,2018-07-21,Cruz Azul,Puebla,3,0,H,0.542614,0.225997,0.231389,0.54949,0.259481,0.191029,H,H
2018/2019,2018-07-22,Toluca,Monarcas,2,0,H,0.472635,0.267462,0.259903,0.606909,0.227961,0.165131,H,H
2018/2019,2018-07-22,Tigres UANL,Club Leon,2,0,H,0.584064,0.233852,0.182084,0.571279,0.249647,0.179074,H,H
2018/2019,2018-07-22,Club Tijuana,Guadalajara Chivas,2,1,H,0.533074,0.224579,0.242347,0.417702,0.303412,0.278885,H,H
2018/2019,2018-07-22,Pachuca,Monterrey,0,1,A,0.289798,0.346217,0.363985,0.314889,0.286791,0.398321,A,A
2018/2019,2018-07-23,Santos Laguna,Lobos BUAP,2,1,H,0.572303,0.218418,0.20928,0.565492,0.23385,0.200658,H,H
2018/2019,2018-07-23,Necaxa,Club America,2,1,H,0.442432,0.304163,0.253405,0.339742,0.310298,0.34996,H,A
2018/2019,2018-07-28,Monarcas,Santos Laguna,3,1,H,0.392768,0.326047,0.281185,0.362243,0.28645,0.351307,H,H
2018/2019,2018-07-28,Puebla,Toluca,2,1,H,0.205732,0.286341,0.507927,0.278389,0.287841,0.43377,A,A
2018/2019,2018-07-28,Queretaro,Pachuca,1,0,H,0.297066,0.33321,0.369724,0.302886,0.298032,0.399082,A,A
2018/2019,2018-07-29,Lobos BUAP,Veracruz,2,0,H,0.44409,0.268668,0.287242,0.535726,0.251936,0.212338,H,H
2018/2019,2018-07-29,UNAM Pumas,Necaxa,5,3,H,0.377771,0.321735,0.300494,0.417752,0.290214,0.292034,H,H
2018/2019,2018-07-29,Guadalajara Chivas,Cruz Azul,0,1,A,0.388192,0.351445,0.260363,0.292039,0.295747,0.412214,H,A
2018/2019,2018-07-29,Club America,Atlas,3,0,H,0.570774,0.268426,0.1608,0.582395,0.248489,0.169117,H,H
2018/2019,2018-07-30,Tigres UANL,Club Tijuana,1,0,H,0.625873,0.2325,0.141627,0.572687,0.260022,0.16729,H,H
2018/2019,2018-07-30,Club Leon,Monterrey,0,2,A,0.286136,0.330561,0.383303,0.312871,0.279987,0.407142,A,A
2018/2019,2018-08-04,Veracruz,Monarcas,2,2,D,0.239698,0.300938,0.459364,0.313177,0.286279,0.400544,A,A
2018/2019,2018-08-04,Atlas,UNAM Pumas,0,3,A,0.394161,0.265394,0.340445,0.413628,0.27988,0.306492,H,H
2018/2019,2018-08-04,Necaxa,Lobos BUAP,1,0,H,0.54121,0.230616,0.228174,0.521694,0.260121,0.218185,H,H
2018/2019,2018-08-05,Pachuca,Club America,1,3,A,0.367406,0.312862,0.319732,0.341555,0.294296,0.364149,H,A
2018/2019,2018-08-05,Cruz Azul,Tigres UANL,1,0,H,0.402466,0.332364,0.26517,0.424244,0.302051,0.273706,H,H
2018/2019,2018-08-05,Monterrey,Queretaro,2,1,H,0.615476,0.238076,0.146448,0.662835,0.213867,0.123298,H,H
2018/2019,2018-08-05,Toluca,Guadalajara Chivas,2,2,D,0.574421,0.226452,0.199127,0.513019,0.26677,0.220211,H,H
2018/2019,2018-08-06,Santos Laguna,Puebla,2,0,H,0.601549,0.227583,0.170868,0.527832,0.251823,0.220345,H,H
2018/2019,2018-08-06,Club Tijuana,Club Leon,1,1,D,0.513826,0.251687,0.234487,0.507685,0.261664,0.230652,H,H
2018/2019,2018-08-11,Puebla,Veracruz,1,2,A,0.46988,0.220688,0.309431,0.531402,0.268755,0.199843,H,H
2018/2019,2018-08-11,Monarcas,Necaxa,2,1,H,0.451435,0.288904,0.259661,0.392289,0.284649,0.323062,H,H
2018/2019,2018-08-11,Lobos BUAP,Atlas,0,0,D,0.451711,0.294026,0.254262,0.424837,0.287582,0.287582,H,H
2018/2019,2018-08-12,UNAM Pumas,Pachuca,0,0,D,0.39784,0.293511,0.308649,0.411415,0.273074,0.315511,H,H
2018/2019,2018-08-12,Club America,Monterrey,3,0,H,0.449164,0.322397,0.228439,0.382185,0.30277,0.315045,H,H
2018/2019,2018-08-12,Club Leon,Queretaro,4,0,H,0.474436,0.292001,0.233563,0.482437,0.274465,0.243098,H,H
2018/2019,2018-08-12,Tigres UANL,Toluca,1,2,A,0.441128,0.267472,0.2914,0.603296,0.237941,0.158762,H,H
2018/2019,2018-08-13,Guadalajara Chivas,Santos Laguna,1,2,A,0.387871,0.343538,0.26859,0.420434,0.27945,0.300117,H,H
2018/2019,2018-08-13,Club Tijuana,Cruz Azul,1,1,D,0.501176,0.314514,0.18431,0.348327,0.312213,0.33946,H,H
2018/2019,2018-08-18,Veracruz,Guadalajara Chivas,0,2,A,0.296115,0.273394,0.43049,0.296285,0.29257,0.411145,A,A
2018/2019,2018-08-18,Atlas,Monarcas,0,1,A,0.34752,0.300994,0.351486,0.436377,0.276286,0.287337,A,H
2018/2019,2018-08-18,Cruz Azul,Club Leon,3,0,H,0.455887,0.277409,0.266705,0.516235,0.26545,0.218314,H,H
2018/2019,2018-08-19,Queretaro,Club America,1,1,D,0.224769,0.327093,0.448138,0.228299,0.258655,0.513046,A,A
2018/2019,2018-08-19,Toluca,Club Tijuana,3,0,H,0.524918,0.254764,0.220318,0.496943,0.272377,0.23068,H,H
2018/2019,2018-08-19,Monterrey,UNAM Pumas,1,0,H,0.518479,0.253446,0.228074,0.609347,0.223573,0.167079,H,H
2018/2019,2018-08-19,Necaxa,Puebla,2,2,D,0.581849,0.233027,0.185124,0.476001,0.27521,0.24879,H,H
2018/2019,2018-08-19,Pachuca,Lobos BUAP,3,0,H,0.462986,0.287194,0.24982,0.543241,0.251853,0.204907,H,H
2018/2019,2018-08-20,Santos Laguna,Tigres UANL,3,1,H,0.417921,0.293938,0.288141,0.346515,0.294976,0.358509,H,A
2018/2019,2018-08-22,Monarcas,Pachuca,1,1,D,0.430492,0.271061,0.298448,0.341095,0.278985,0.379919,H,A
2018/2019,2018-08-22,UNAM Pumas,Queretaro,0,1,A,0.522074,0.274107,0.203819,0.505164,0.26178,0.233056,H,H
2018/2019,2018-08-22,Guadalajara Chivas,Necaxa,1,0,H,0.386586,0.307853,0.305562,0.416238,0.28777,0.295992,H,H
2018/2019,2018-08-22,Puebla,Atlas,2,0,H,0.44427,0.266844,0.288885,0.393862,0.303069,0.303069,H,H
2018/2019,2018-08-23,Cruz Azul,Toluca,1,0,H,0.399856,0.322476,0.277668,0.464049,0.287882,0.248069,H,H
2018/2019,2018-08-23,Club Tijuana,Santos Laguna,2,2,D,0.457562,0.307229,0.235208,0.436019,0.287102,0.276879,H,H
2018/2019,2018-08-23,Tigres UANL,Veracruz,4,0,H,0.673585,0.18519,0.141225,0.713482,0.190359,0.096159,H,H
2018/2019,2018-08-23,Club Leon,Club America,2,0,H,0.287193,0.345392,0.367415,0.31783,0.275515,0.406655,A,A
2018/2019,2018-08-23,Lobos BUAP,Monterrey,1,2,A,0.347064,0.380484,0.272452,0.230431,0.270506,0.499062,D,A
2018/2019,2018-08-25,Atlas,Guadalajara Chivas,0,1,A,0.363473,0.302755,0.333772,0.338599,0.307412,0.353989,H,A
2018/2019,2018-08-25,Pachuca,Puebla,2,0,H,0.485234,0.285688,0.229078,0.528889,0.259317,0.211795,H,H
2018/2019,2018-08-26,Club America,UNAM Pumas,2,2,D,0.501689,0.278241,0.220069,0.570441,0.24684,0.182719,H,H
2018/2019,2018-08-26,Veracruz,Club Tijuana,1,0,H,0.241704,0.278546,0.47975,0.300578,0.291214,0.408208,A,A
2018/2019,2018-08-26,Necaxa,Tigres UANL,1,1,D,0.303146,0.321064,0.37579,0.30242,0.294788,0.402792,A,A
2018/2019,2018-08-26,Monterrey,Monarcas,2,2,D,0.566325,0.242186,0.191489,0.627886,0.228183,0.143931,H,H
2018/2019,2018-08-26,Queretaro,Lobos BUAP,2,0,H,0.465494,0.253512,0.280994,0.481376,0.267584,0.25104,H,H
2018/2019,2018-08-26,Toluca,Club Leon,1,2,A,0.521352,0.271176,0.207472,0.439394,0.275268,0.285338,H,H
2018/2019,2018-08-27,Santos Laguna,Cruz Azul,1,1,D,0.522478,0.306612,0.170911,0.341335,0.290453,0.368212,H,A
2018/2019,2018-09-01,Club Tijuana,Necaxa,1,0,H,0.417576,0.292663,0.289761,0.471194,0.277419,0.251388,H,H
2018/2019,2018-09-01,Monarcas,Queretaro,1,4,A,0.571734,0.244136,0.18413,0.439038,0.285107,0.275856,H,H
2018/2019,2018-09-01,Puebla,Monterrey,2,1,H,0.362342,0.345888,0.29177,0.259392,0.277042,0.463566,H,A
2018/2019,2018-09-01,Cruz Azul,Veracruz,4,1,H,0.704271,0.182853,0.112875,0.673728,0.209504,0.116768,H,H
2018/2019,2018-09-02,Lobos BUAP,Club America,0,2,A,0.22266,0.336742,0.440598,0.23695,0.25713,0.50592,A,A
2018/2019,2018-09-02,Guadalajara Chivas,Pachuca,1,3,A,0.385329,0.313706,0.300965,0.387656,0.295649,0.316695,H,H
2018/2019,2018-09-02,Toluca,Santos Laguna,2,1,H,0.468537,0.312881,0.218582,0.453572,0.271616,0.274812,H,H
2018/2019,2018-09-02,Club Leon,UNAM Pumas,1,2,A,0.42498,0.291201,0.283819,0.534777,0.247582,0.217642,H,H
2018/2019,2018-09-02,Tigres UANL,Atlas,3,1,H,0.632155,0.21561,0.152235,0.631837,0.234955,0.133208,H,H
2018/2019,2018-09-15,Veracruz,Toluca,2,3,A,0.225075,0.305941,0.468983,0.244542,0.278851,0.476607,A,A
2018/2019,2018-09-15,Queretaro,Puebla,0,1,A,0.448262,0.274491,0.277247,0.429565,0.291729,0.278706,H,H
2018/2019,2018-09-16,Club America,Monarcas,2,1,H,0.563225,0.25765,0.179126,0.612614,0.216968,0.170418,H,H
2018/2019,2018-09-16,Pachuca,Tigres UANL,1,1,D,0.299191,0.326828,0.373982,0.345411,0.30002,0.354569,A,A
2018/2019,2018-09-16,Necaxa,Cruz Azul,2,0,H,0.344105,0.367472,0.288423,0.323585,0.293153,0.383262,D,A
2018/2019,2018-09-16,Monterrey,Guadalajara Chivas,2,4,A,0.625567,0.222861,0.151572,0.596484,0.239509,0.164007,H,H
2018/2019,2018-09-16,UNAM Pumas,Lobos BUAP,4,2,H,0.547661,0.233694,0.218645,0.536907,0.25595,0.207144,H,H
2018/2019,2018-09-16,Santos Laguna,Club Leon,3,0,H,0.494809,0.281884,0.223307,0.427686,0.273071,0.299243,H,H
2018/2019,2018-09-17,Atlas,Club Tijuana,0,1,A,0.341282,0.320423,0.338295,0.376717,0.303331,0.319952,H,H
2018/2019,2018-09-22,Monarcas,UNAM Pumas,0,0,D,0.434857,0.279867,0.285276,0.370848,0.272459,0.356693,H,H
2018/2019,2018-09-22,Puebla,Club America,2,3,A,0.338932,0.317044,0.344023,0.252401,0.277043,0.470556,A,A
2018/2019,2018-09-22,Toluca,Necaxa,3,2,H,0.484727,0.271569,0.243704,0.485927,0.261966,0.252107,H,H
2018/2019,2018-09-23,Guadalajara Chivas,Queretaro,1,1,D,0.431782,0.303844,0.264375,0.436862,0.296789,0.266349,H,H
2018/2019,2018-09-23,Club Tijuana,Pachuca,1,0,H,0.420499,0.305492,0.274009,0.442086,0.281448,0.276467,H,H
2018/2019,2018-09-23,Club Leon,Lobos BUAP,0,1,A,0.543235,0.194608,0.262157,0.607285,0.224812,0.167903,H,H
2018/2019,2018-09-23,Cruz Azul,Atlas,2,0,H,0.566383,0.222087,0.21153,0.593931,0.245657,0.160412,H,H
2018/2019,2018-09-24,Santos Laguna,Veracruz,1,1,D,0.703232,0.174319,0.122449,0.663161,0.20733,0.129509,H,H
2018/2019,2018-09-24,Tigres UANL,Monterrey,0,0,D,0.500276,0.277977,0.221747,0.459652,0.284149,0.256199,H,H
2018/2019,2018-09-29,Veracruz,Club Leon,0,4,A,0.328895,0.293291,0.377814,0.297992,0.286145,0.415864,A,A
2018/2019,2018-09-29,Atlas,Toluca,2,0,H,0.274656,0.340352,0.384992,0.303729,0.276771,0.4195,A,A
2018/2019,2018-09-29,Queretaro,Tigres UANL,0,2,A,0.263995,0.361056,0.374949,0.249759,0.290093,0.460148,A,A
2018/2019,2018-09-30,Necaxa,Santos Laguna,0,1,A,0.31718,0.327035,0.355786,0.392727,0.284966,0.322307,A,H
2018/2019,2018-09-30,Pachuca,Cruz Azul,3,1,H,0.399614,0.340524,0.259862,0.369775,0.300813,0.329412,H,H
2018/2019,2018-09-30,Monterrey,Club Tijuana,3,0,H,0.563801,0.275731,0.160468,0.533579,0.259379,0.207043,H,H
2018/2019,2018-09-30,UNAM Pumas,Puebla,2,2,D,0.509431,0.284196,0.206373,0.505384,0.267132,0.227484,H,H
2018/2019,2018-09-30,Lobos BUAP,Monarcas,3,1,H,0.260127,0.286844,0.453028,0.394871,0.274441,0.330687,A,H
2018/2019,2018-10-01,Club America,Guadalajara Chivas,1,1,D,0.603544,0.233905,0.16255,0.571132,0.249775,0.179093,H,H
2018/2019,2018-10-06,Santos Laguna,Atlas,3,1,H,0.59208,0.226908,0.181012,0.520342,0.26533,0.214328,H,H
2018/2019,2018-10-06,Veracruz,Necaxa,0,0,D,0.23714,0.28621,0.47665,0.27541,0.278689,0.445902,A,A
2018/2019,2018-10-06,Cruz Azul,Monterrey,2,1,H,0.345316,0.296694,0.35799,0.413663,0.298683,0.287655,A,H
2018/2019,2018-10-07,Toluca,Pachuca,2,1,H,0.485172,0.276584,0.238244,0.400964,0.286579,0.312457,H,H
2018/2019,2018-10-07,Club Tijuana,Queretaro,1,1,D,0.463535,0.25933,0.277135,0.578056,0.251059,0.170885,H,H
2018/2019,2018-10-07,Guadalajara Chivas,UNAM Pumas,1,2,A,0.41216,0.298092,0.289748,0.418179,0.290007,0.291814,H,H
2018/2019,2018-10-07,Tigres UANL,Club America,2,3,A,0.518048,0.288215,0.193736,0.444811,0.288303,0.266886,H,H
2018/2019,2018-10-07,Club Leon,Monarcas,1,2,A,0.405223,0.266278,0.328499,0.559537,0.237768,0.202696,H,H
2018/2019,2018-10-08,Puebla,Lobos BUAP,2,2,D,0.517893,0.248147,0.23396,0.427811,0.283911,0.288279,H,H
2018/2019,2018-10-20,Atlas,Veracruz,4,3,H,0.459911,0.244415,0.295674,0.560039,0.257649,0.182313,H,H
2018/2019,2018-10-20,Queretaro,Cruz Azul,2,0,H,0.355334,0.339875,0.304791,0.264265,0.291518,0.444217,H,A
2018/2019,2018-10-21,UNAM Pumas,Tigres UANL,3,3,D,0.317175,0.324872,0.357953,0.309506,0.287603,0.402891,A,A
2018/2019,2018-10-21,Lobos BUAP,Guadalajara Chivas,1,1,D,0.298561,0.287561,0.413878,0.332228,0.297312,0.37046,A,A
2018/2019,2018-10-21,Monterrey,Toluca,2,1,H,0.557464,0.280228,0.162308,0.47457,0.267881,0.257549,H,H
2018/2019,2018-10-21,Pachuca,Santos Laguna,1,1,D,0.364504,0.348901,0.286596,0.452984,0.265099,0.281917,H,H
2018/2019,2018-10-21,Club America,Club Tijuana,3,0,H,0.630764,0.233804,0.135432,0.594397,0.238062,0.167541,H,H
2018/2019,2018-10-21,Necaxa,Club Leon,0,2,A,0.374135,0.290618,0.335247,0.353503,0.281948,0.36455,H,A
2018/2019,2018-10-22,Monarcas,Puebla,2,0,H,0.476944,0.263324,0.259731,0.435728,0.282563,0.281709,H,H
2018/2019,2018-10-27,Santos Laguna,Monterrey,1,0,H,0.423739,0.297494,0.278767,0.384188,0.281198,0.334615,H,H
2018/2019,2018-10-27,Veracruz,Pachuca,2,3,A,0.238006,0.31949,0.442504,0.245871,0.270031,0.484098,A,A
2018/2019,2018-10-27,Necaxa,Atlas,2,2,D,0.502333,0.263841,0.233826,0.458148,0.281512,0.26034,H,H
2018/2019,2018-10-28,Toluca,Queretaro,4,0,H,0.518405,0.2461,0.235495,0.562441,0.245053,0.192506,H,H
2018/2019,2018-10-28,Club Tijuana,UNAM Pumas,0,1,A,0.420534,0.262438,0.317029,0.5322,0.252472,0.215327,H,H
2018/2019,2018-10-28,Cruz Azul,Club America,0,0,D,0.426914,0.310104,0.262983,0.293347,0.298018,0.408636,H,A
2018/2019,2018-10-28,Tigres UANL,Lobos BUAP,2,2,D,0.635166,0.218553,0.146281,0.687344,0.200536,0.11212,H,H
2018/2019,2018-10-28,Guadalajara Chivas,Monarcas,1,2,A,0.399781,0.322792,0.277427,0.48623,0.260772,0.252998,H,H
2018/2019,2018-10-29,Club Leon,Puebla,0,4,A,0.4603,0.275084,0.264616,0.578283,0.232461,0.189256,H,H
2018/2019,2018-11-03,Monarcas,Tigres UANL,0,2,A,0.325141,0.285405,0.389454,0.262,0.27033,0.46767,A,A
2018/2019,2018-11-03,Puebla,Guadalajara Chivas,2,2,D,0.370123,0.305708,0.324169,0.368336,0.291456,0.340208,H,H
2018/2019,2018-11-03,Pachuca,Necaxa,6,2,H,0.423079,0.268876,0.308044,0.58789,0.241536,0.170574,H,H
2018/2019,2018-11-04,Queretaro,Santos Laguna,2,1,H,0.359845,0.344951,0.295204,0.324121,0.285583,0.390296,H,A
2018/2019,2018-11-04,UNAM Pumas,Cruz Azul,1,2,A,0.437285,0.297909,0.264806,0.322615,0.29237,0.385014,H,A
2018/2019,2018-11-04,Lobos BUAP,Club Tijuana,3,1,H,0.39249,0.30442,0.30309,0.363509,0.283957,0.352535,H,H
2018/2019,2018-11-04,Monterrey,Veracruz,2,0,H,0.639915,0.18756,0.172525,0.691151,0.196432,0.112416,H,H
2018/2019,2018-11-04,Club America,Toluca,1,1,D,0.468317,0.283499,0.248184,0.470878,0.272397,0.256725,H,H
2018/2019,2018-11-05,Atlas,Club Leon,0,0,D,0.328327,0.301419,0.370254,0.348597,0.273169,0.378234,A,A
2018/2019,2018-11-10,Veracruz,Queretaro,2,2,D,0.360576,0.314139,0.325285,0.312911,0.28516,0.401929,H,A
2018/2019,2018-11-10,Atlas,Pachuca,0,0,D,0.262062,0.318937,0.419001,0.295787,0.274846,0.429368,A,A
2018/2019,2018-11-10,Cruz Azul,Lobos BUAP,2,1,H,0.529795,0.241341,0.228864,0.614133,0.23106,0.154806,H,H
2018/2019,2018-11-11,Necaxa,Monterrey,1,1,D,0.288991,0.339138,0.371871,0.294551,0.282948,0.422501,A,A
2018/2019,2018-11-11,Club Tijuana,Monarcas,2,3,A,0.46407,0.28386,0.25207,0.474617,0.266381,0.259002,H,H
2018/2019,2018-11-11,Toluca,UNAM Pumas,0,1,A,0.543848,0.258938,0.197214,0.524962,0.256712,0.218325,H,H
2018/2019,2018-11-11,Club Leon,Guadalajara Chivas,0,1,A,0.372272,0.280309,0.347419,0.43684,0.280732,0.282428,H,H
2018/2019,2018-11-11,Tigres UANL,Puebla,6,1,H,0.495455,0.257174,0.247371,0.667978,0.203741,0.128281,H,H
2018/2019,2018-11-12,Santos Laguna,Club America,1,1,D,0.40621,0.3124,0.28139,0.383613,0.292505,0.323881,H,H
2018/2019,2018-11-24,Monarcas,Cruz Azul,0,2,A,0.486604,0.28568,0.227716,0.399631,0.283374,0.316995,H,H
2018/2019,2018-11-24,Puebla,Club Tijuana,0,0,D,0.357304,0.260764,0.381931,0.402893,0.28239,0.314717,A,H
2018/2019,2018-11-24,Queretaro,Necaxa,1,0,H,0.436007,0.244691,0.319302,0.516746,0.264212,0.219042,H,H
2018/2019,2018-11-25,Lobos BUAP,Toluca,2,0,H,0.23586,0.352324,0.411816,0.289194,0.263869,0.446937,A,A
2018/2019,2018-11-25,UNAM Pumas,Santos Laguna,1,1,D,0.375519,0.309024,0.315457,0.37878,0.275984,0.345235,H,H
2018/2019,2018-11-25,Monterrey,Atlas,3,1,H,0.603829,0.221874,0.174297,0.570502,0.248176,0.181322,H,H
2018/2019,2018-11-25,Pachuca,Club Leon,1,1,D,0.518623,0.270561,0.210816,0.639833,0.205761,0.154406,H,H
2018/2019,2018-11-25,Club America,Veracruz,4,1,H,0.615047,0.193117,0.191835,0.712468,0.18123,0.106302,H,H
2018/2019,2018-11-25,Guadalajara Chivas,Tigres UANL,0,1,A,0.201134,0.30657,0.492296,0.275181,0.279288,0.445531,A,A
2018/2019,2018-11-29,Queretaro,Cruz Azul,0,2,A,0.398056,0.313718,0.288226,0.283722,0.312189,0.404089,H,A
2018/2019,2018-11-29,Monterrey,Santos Laguna,1,0,H,0.464934,0.286104,0.248962,0.488955,0.282146,0.228898,H,H
2018/2019,2018-11-30,Toluca,Club America,2,2,D,0.349473,0.356651,0.293876,0.324363,0.306224,0.369413,D,A
2018/2019,2018-11-30,Tigres UANL,UNAM Pumas,2,1,H,0.576442,0.261429,0.16213,0.596773,0.242439,0.160788,H,H
2018/2019,2018-12-02,Santos Laguna,Monterrey,0,2,A,0.438957,0.328577,0.232466,0.404225,0.294562,0.301213,H,H
2018/2019,2018-12-02,Cruz Azul,Queretaro,1,1,D,0.659891,0.199808,0.140301,0.562076,0.259179,0.178744,H,H
2018/2019,2018-12-02,UNAM Pumas,Tigres UANL,3,1,H,0.314492,0.355251,0.330257,0.306709,0.282544,0.410747,D,A
2018/2019,2018-12-03,Club America,Toluca,3,2,H,0.435907,0.293116,0.270978,0.44925,0.281458,0.269291,H,H
2018/2019,2018-12-06,Monterrey,Cruz Azul,1,0,H,0.5478,0.28652,0.165679,0.419988,0.309759,0.270253,H,H
2018/2019,2018-12-07,UNAM Pumas,Club America,1,1,D,0.319388,0.327639,0.352973,0.292092,0.284968,0.422939,A,A
2018/2019,2018-12-09,Cruz Azul,Monterrey,1,0,H,0.482177,0.326119,0.191704,0.4584,0.29223,0.24937,H,H
2018/2019,2018-12-10,Club America,UNAM Pumas,6,1,H,0.546075,0.267561,0.186364,0.524534,0.263749,0.211717,H,H
2018/2019,2018-12-14,Club America,Cruz Azul,0,0,D,0.526798,0.313074,0.160129,0.40094,0.321027,0.278033,H,H
2018/2019,2018-12-17,Cruz Azul,Club America,0,2,A,0.35019,0.313419,0.336391,0.333308,0.336905,0.329787,H,D
2018/2019,2019-01-05,Queretaro,Atlas,1,2,A,0.476322,0.257643,0.266035,0.393852,0.301106,0.305042,H,H
2018/2019,2019-01-05,Monterrey,Pachuca,5,0,H,0.485407,0.265274,0.249319,0.546338,0.253181,0.20048,H,H
2018/2019,2019-01-05,Monarcas,Toluca,1,3,A,0.336088,0.25877,0.405142,0.326723,0.282304,0.390973,A,A
2018/2019,2019-01-05,Puebla,Cruz Azul,1,1,D,0.323952,0.329045,0.347003,0.280589,0.296623,0.422788,A,A
2018/2019,2019-01-06,Club Leon,Tigres UANL,2,2,D,0.295016,0.34796,0.357025,0.301175,0.296394,0.402431,A,A
2018/2019,2019-01-06,Guadalajara Chivas,Club Tijuana,2,0,H,0.391883,0.272694,0.335424,0.445368,0.294111,0.260522,H,H
2018/2019,2019-01-06,UNAM Pumas,Veracruz,0,0,D,0.506304,0.196334,0.297362,0.642711,0.215227,0.142063,H,H
2018/2019,2019-01-06,Lobos BUAP,Santos Laguna,2,0,H,0.275009,0.315675,0.409316,0.324352,0.284797,0.390851,A,A
2018/2019,2019-01-12,Veracruz,Lobos BUAP,0,1,A,0.308449,0.338873,0.352678,0.335985,0.291887,0.372127,A,A
2018/2019,2019-01-12,Atlas,Club America,1,2,A,0.206834,0.359074,0.434092,0.245432,0.277477,0.477091,A,A
2018/2019,2019-01-12,Monterrey,Club Leon,2,2,D,0.616788,0.217321,0.165891,0.572745,0.243118,0.184137,H,H
2018/2019,2019-01-13,Toluca,Puebla,2,0,H,0.532018,0.249405,0.218577,0.546514,0.256741,0.196745,H,H
2018/2019,2019-01-13,Necaxa,UNAM Pumas,2,1,H,0.392307,0.277437,0.330256,0.379916,0.296696,0.323388,H,H
2018/2019,2019-01-13,Cruz Azul,Guadalajara Chivas,0,1,A,0.539072,0.258693,0.202235,0.469772,0.305505,0.224723,H,H
2018/2019,2019-01-13,Pachuca,Queretaro,3,0,H,0.463323,0.265327,0.27135,0.56061,0.237619,0.201771,H,H
2018/2019,2019-01-13,Club Tijuana,Tigres UANL,0,3,A,0.284814,0.339648,0.375539,0.280836,0.301672,0.417492,A,A
2018/2019,2019-01-14,Santos Laguna,Monarcas,1,0,H,0.535494,0.25144,0.213066,0.516262,0.251869,0.231869,H,H
2018/2019,2019-01-19,Monarcas,Veracruz,2,0,H,0.551397,0.217495,0.231108,0.580483,0.234818,0.184699,H,H
2018/2019,2019-01-19,Puebla,Santos Laguna,1,1,D,0.341681,0.298324,0.359995,0.326581,0.301298,0.372121,A,A
2018/2019,2019-01-19,Queretaro,Monterrey,1,2,A,0.23511,0.344323,0.420567,0.196329,0.253948,0.549723,A,A
2018/2019,2019-01-20,Club America,Pachuca,3,0,H,0.565247,0.252966,0.181787,0.52237,0.261185,0.216445,H,H
2018/2019,2019-01-20,Tigres UANL,Cruz Azul,0,1,A,0.521955,0.265256,0.212789,0.514507,0.277864,0.207628,H,H
2018/2019,2019-01-20,Lobos BUAP,Necaxa,2,3,A,0.434758,0.26743,0.297812,0.3996,0.302609,0.297791,H,H
2018/2019,2019-01-20,UNAM Pumas,Atlas,2,2,D,0.491056,0.258043,0.250901,0.464969,0.285807,0.249224,H,H
2018/2019,2019-01-21,Guadalajara Chivas,Toluca,1,0,H,0.33461,0.300758,0.364632,0.381186,0.302235,0.316579,A,H
2018/2019,2019-01-21,Club Leon,Club Tijuana,0,1,A,0.448091,0.263979,0.287931,0.515727,0.257153,0.22712,H,H
2018/2019,2019-01-26,Veracruz,Puebla,0,1,A,0.347441,0.29121,0.361349,0.308239,0.304223,0.387537,A,A
2018/2019,2019-01-26,Atlas,Lobos BUAP,3,1,H,0.40621,0.316046,0.277744,0.461262,0.286349,0.252389,H,H
2018/2019,2019-01-26,Cruz Azul,Club Tijuana,1,0,H,0.579767,0.230296,0.189937,0.571242,0.255269,0.173488,H,H
2018/2019,2019-01-26,Monterrey,Club America,3,2,H,0.382377,0.356974,0.260649,0.447991,0.283728,0.268281,H,H
2018/2019,2019-01-27,Toluca,Tigres UANL,0,1,A,0.393966,0.31233,0.293704,0.344303,0.304922,0.350775,H,A
2018/2019,2019-01-27,Queretaro,Club Leon,0,4,A,0.333366,0.288388,0.378246,0.31399,0.286143,0.399867,A,A
2018/2019,2019-01-27,Necaxa,Monarcas,0,0,D,0.406505,0.272596,0.320898,0.452379,0.274611,0.27301,H,H
2018/2019,2019-01-27,Pachuca,UNAM Pumas,1,0,H,0.447671,0.238617,0.313712,0.482238,0.269608,0.248154,H,H
2018/2019,2019-01-28,Santos Laguna,Guadalajara Chivas,1,0,H,0.574613,0.279862,0.145525,0.455798,0.287503,0.256699,H,H
2018/2019,2019-02-02,Monarcas,Atlas,1,2,A,0.491893,0.260564,0.247542,0.38586,0.28438,0.32976,H,H
2018/2019,2019-02-02,Puebla,Necaxa,1,4,A,0.434599,0.305851,0.259551,0.364352,0.302638,0.33301,H,H
2018/2019,2019-02-02,Club America,Queretaro,2,0,H,0.671826,0.176923,0.151251,0.646526,0.220094,0.133381,H,H
2018/2019,2019-02-03,Club Leon,Cruz Azul,2,0,H,0.400337,0.356063,0.243599,0.413289,0.295206,0.291505,H,H
2018/2019,2019-02-03,Tigres UANL,Santos Laguna,2,1,H,0.583268,0.255442,0.161289,0.53482,0.262878,0.202302,H,H
2018/2019,2019-02-03,Club Tijuana,Toluca,2,0,H,0.310965,0.30143,0.387605,0.374458,0.293879,0.331663,A,H
2018/2019,2019-02-03,UNAM Pumas,Monterrey,1,1,D,0.248278,0.329043,0.422679,0.269784,0.276189,0.454027,A,A
2018/2019,2019-02-03,Lobos BUAP,Pachuca,1,1,D,0.435456,0.294715,0.269829,0.285161,0.267904,0.446935,H,A
2018/2019,2019-02-05,Guadalajara Chivas,Veracruz,0,0,D,0.575748,0.214899,0.209352,0.654947,0.220385,0.124668,H,H
2018/2019,2019-02-09,Queretaro,UNAM Pumas,0,2,A,0.286309,0.281875,0.431816,0.351667,0.288519,0.359814,A,A
2018/2019,2019-02-09,Veracruz,Tigres UANL,0,2,A,0.208153,0.388846,0.403001,0.137776,0.218954,0.643271,A,A
2018/2019,2019-02-09,Atlas,Puebla,1,2,A,0.466465,0.271633,0.261902,0.487838,0.273246,0.238916,H,H
2018/2019,2019-02-09,Monterrey,Lobos BUAP,4,0,H,0.651054,0.213432,0.135514,0.716784,0.173847,0.109369,H,H
2018/2019,2019-02-10,Necaxa,Guadalajara Chivas,3,3,D,0.497332,0.313643,0.189024,0.353411,0.309824,0.336765,H,H
2018/2019,2019-02-10,Toluca,Cruz Azul,1,1,D,0.468865,0.307749,0.223386,0.393083,0.30247,0.304447,H,H
2018/2019,2019-02-10,Club America,Club Leon,0,3,A,0.523546,0.261106,0.215348,0.471346,0.281104,0.24755,H,H
2018/2019,2019-02-10,Pachuca,Monarcas,2,0,H,0.410046,0.25859,0.331364,0.551949,0.244828,0.203223,H,H
2018/2019,2019-02-11,Santos Laguna,Club Tijuana,1,1,D,0.562393,0.246166,0.191441,0.423095,0.297383,0.279522,H,H
2018/2019,2019-02-16,Monarcas,Monterrey,2,3,A,0.290493,0.354861,0.354646,0.208172,0.236703,0.555125,D,A
2018/2019,2019-02-16,Puebla,Pachuca,1,1,D,0.389845,0.313975,0.29618,0.276011,0.281848,0.442141,H,A
2018/2019,2019-02-16,Club Tijuana,Veracruz,3,0,H,0.549761,0.226816,0.223424,0.638643,0.22966,0.131698,H,H
2018/2019,2019-02-16,Cruz Azul,Santos Laguna,1,2,A,0.502153,0.27938,0.218467,0.500432,0.27952,0.220048,H,H
2018/2019,2019-02-17,Club Leon,Toluca,3,0,H,0.40734,0.325752,0.266909,0.42942,0.275693,0.294887,H,H
2018/2019,2019-02-17,Tigres UANL,Necaxa,3,2,H,0.586065,0.240488,0.173447,0.645415,0.221813,0.132771,H,H
2018/2019,2019-02-17,Guadalajara Chivas,Atlas,3,0,H,0.449562,0.271289,0.279149,0.443884,0.291299,0.264817,H,H
2018/2019,2019-02-17,UNAM Pumas,Club America,1,0,H,0.34925,0.342273,0.308477,0.273641,0.276899,0.449459,H,A
2018/2019,2019-02-17,Lobos BUAP,Queretaro,3,1,H,0.464832,0.226789,0.308379,0.418462,0.292134,0.289404,H,H
2018/2019,2019-02-23,Atlas,Tigres UANL,0,1,A,0.314959,0.367768,0.317273,0.258789,0.278995,0.462216,D,A
2018/2019,2019-02-23,Veracruz,Cruz Azul,1,1,D,0.250005,0.347287,0.402708,0.171628,0.25768,0.570691,A,A
2018/2019,2019-02-23,Queretaro,Monarcas,3,0,H,0.299093,0.283068,0.417839,0.381867,0.289077,0.329056,A,H
2018/2019,2019-02-24,UNAM Pumas,Club Leon,1,3,A,0.348358,0.350791,0.300852,0.344528,0.281887,0.373585,D,A
2018/2019,2019-02-24,Necaxa,Club Tijuana,1,2,A,0.421169,0.340592,0.238239,0.409562,0.290533,0.299905,H,H
2018/2019,2019-02-24,Pachuca,Guadalajara Chivas,3,1,H,0.442103,0.290877,0.26702,0.42257,0.289612,0.287818,H,H
2018/2019,2019-02-24,Club America,Lobos BUAP,3,0,H,0.630576,0.196659,0.172765,0.669292,0.196269,0.134439,H,H
2018/2019,2019-02-24,Monterrey,Puebla,0,0,D,0.68331,0.196476,0.120214,0.677237,0.20258,0.120183,H,H
2018/2019,2019-02-25,Santos Laguna,Toluca,4,0,H,0.474908,0.251959,0.273133,0.46105,0.28656,0.25239,H,H
2018/2019,2019-03-02,Club Tijuana,Atlas,3,1,H,0.543412,0.253221,0.203367,0.547416,0.252883,0.199701,H,H
2018/2019,2019-03-02,Monarcas,Club America,2,2,D,0.269084,0.321072,0.409844,0.234359,0.266684,0.498957,A,A
2018/2019,2019-03-02,Cruz Azul,Necaxa,2,1,H,0.415529,0.261181,0.32329,0.528147,0.267109,0.204744,H,H
2018/2019,2019-03-03,Guadalajara Chivas,Monterrey,0,2,A,0.298691,0.3686,0.332709,0.324668,0.294778,0.380554,D,A
2018/2019,2019-03-03,Club Leon,Santos Laguna,3,0,H,0.414777,0.349888,0.235335,0.457539,0.267667,0.274794,H,H
2018/2019,2019-03-03,Tigres UANL,Pachuca,3,0,H,0.571356,0.248193,0.180451,0.599229,0.22877,0.172001,H,H
2018/2019,2019-03-03,Toluca,Veracruz,3,1,H,0.588042,0.205303,0.206655,0.677843,0.206366,0.115791,H,H
2018/2019,2019-03-03,Lobos BUAP,UNAM Pumas,2,1,H,0.350845,0.301461,0.347694,0.296364,0.286334,0.417302,H,A
2018/2019,2019-03-05,Puebla,Queretaro,1,0,H,0.497191,0.231495,0.271314,0.435971,0.289289,0.274739,H,H
2018/2019,2019-03-06,Club America,Necaxa,1,3,A,0.471895,0.235104,0.293001,0.576836,0.242482,0.180682,H,H
2018/2019,2019-03-09,Veracruz,Santos Laguna,2,2,D,0.197015,0.321087,0.481899,0.210826,0.272651,0.516523,A,A
2018/2019,2019-03-09,Atlas,Cruz Azul,0,2,A,0.277875,0.309506,0.412619,0.299336,0.315626,0.385038,A,A
2018/2019,2019-03-09,Pachuca,Club Tijuana,4,0,H,0.459838,0.316235,0.223928,0.527721,0.257282,0.214997,H,H
2018/2019,2019-03-10,Lobos BUAP,Club Leon,0,1,A,0.271924,0.351232,0.376843,0.212295,0.23422,0.553484,A,A
2018/2019,2019-03-10,Necaxa,Toluca,1,1,D,0.468767,0.279599,0.251634,0.380909,0.29412,0.324971,H,H
2018/2019,2019-03-10,UNAM Pumas,Monarcas,2,2,D,0.414166,0.245546,0.340288,0.450145,0.278982,0.270872,H,H
2018/2019,2019-03-10,Queretaro,Guadalajara Chivas,0,0,D,0.321128,0.303493,0.375379,0.298639,0.295786,0.405575,A,A
2018/2019,2019-03-10,Club America,Puebla,1,0,H,0.627176,0.230059,0.142765,0.619764,0.236551,0.143686,H,H
2018/2019,2019-03-10,Monterrey,Tigres UANL,1,1,D,0.540374,0.309,0.150627,0.40558,0.296734,0.297685,H,H
2018/2019,2019-03-16,Monarcas,Lobos BUAP,1,1,D,0.543614,0.247145,0.209241,0.502643,0.252003,0.245354,H,H
2018/2019,2019-03-16,Puebla,UNAM Pumas,1,0,H,0.420915,0.291588,0.287497,0.352384,0.289811,0.357805,H,A
2018/2019,2019-03-16,Cruz Azul,Pachuca,4,1,H,0.458187,0.3005,0.241313,0.440443,0.288613,0.270943,H,H
2018/2019,2019-03-17,Guadalajara Chivas,Club America,0,2,A,0.312247,0.336366,0.351387,0.316813,0.307372,0.375815,A,A
2018/2019,2019-03-17,Tigres UANL,Queretaro,4,1,H,0.645251,0.199306,0.155442,0.693052,0.204557,0.102391,H,H
2018/2019,2019-03-17,Toluca,Atlas,2,0,H,0.521507,0.207916,0.270576,0.516966,0.26663,0.216404,H,H
2018/2019,2019-03-17,Club Tijuana,Monterrey,1,0,H,0.286276,0.348365,0.365358,0.301515,0.292954,0.405531,A,A
2018/2019,2019-03-18,Santos Laguna,Necaxa,1,2,A,0.431945,0.26201,0.306045,0.467184,0.268698,0.264118,H,H
2018/2019,2019-03-18,Club Leon,Veracruz,2,0,H,0.659689,0.189163,0.151148,0.778519,0.146201,0.07528,H,H
2018/2019,2019-03-30,Monarcas,Club Leon,2,3,A,0.348817,0.381846,0.269337,0.254303,0.265929,0.479768,D,A
2018/2019,2019-03-30,Atlas,Santos Laguna,1,0,H,0.255434,0.303567,0.440999,0.329046,0.28133,0.389624,A,A
2018/2019,2019-03-30,Queretaro,Club Tijuana,1,0,H,0.408708,0.338577,0.252715,0.28517,0.296068,0.418763,H,A
2018/2019,2019-03-31,UNAM Pumas,Guadalajara Chivas,2,1,H,0.422505,0.284611,0.292885,0.409977,0.291739,0.298284,H,H
2018/2019,2019-03-31,Lobos BUAP,Puebla,0,4,A,0.416633,0.323847,0.259519,0.351838,0.301575,0.346587,H,H
2018/2019,2019-03-31,Necaxa,Veracruz,2,0,H,0.591384,0.209457,0.199159,0.660295,0.206892,0.132813,H,H
2018/2019,2019-03-31,Pachuca,Toluca,3,2,H,0.513338,0.26467,0.221992,0.427591,0.277425,0.294984,H,H
2018/2019,2019-03-31,Club America,Tigres UANL,3,0,H,0.427019,0.328865,0.244117,0.403456,0.294931,0.301613,H,H
2018/2019,2019-03-31,Monterrey,Cruz Azul,2,2,D,0.491412,0.28771,0.220878,0.517006,0.270526,0.212468,H,H
2018/2019,2019-04-06,Veracruz,Atlas,0,1,A,0.344862,0.299975,0.355163,0.281032,0.280186,0.438782,A,A
2018/2019,2019-04-06,Puebla,Monarcas,1,1,D,0.431427,0.259116,0.309457,0.448596,0.269157,0.282247,H,H
2018/2019,2019-04-07,Toluca,Monterrey,5,1,H,0.308167,0.322895,0.368939,0.367412,0.279145,0.353442,A,H
2018/2019,2019-04-07,Guadalajara Chivas,Lobos BUAP,0,1,A,0.536407,0.243766,0.219827,0.584005,0.243719,0.172276,H,H
2018/2019,2019-04-07,Club Tijuana,Club America,3,2,H,0.32678,0.316408,0.356811,0.3559,0.294889,0.349211,A,H
2018/2019,2019-04-07,Club Leon,Necaxa,2,1,H,0.512781,0.276231,0.210988,0.537649,0.248035,0.214316,H,H
2018/2019,2019-04-07,Cruz Azul,Queretaro,3,0,H,0.615134,0.234122,0.150743,0.627292,0.23268,0.140029,H,H
2018/2019,2019-04-07,Tigres UANL,UNAM Pumas,2,0,H,0.584469,0.217847,0.197684,0.685073,0.195325,0.119602,H,H
2018/2019,2019-04-08,Santos Laguna,Pachuca,0,0,D,0.453125,0.294642,0.252233,0.428483,0.265659,0.305858,H,H
2018/2019,2019-04-13,Atlas,Necaxa,1,2,A,0.350348,0.313035,0.336618,0.344765,0.287304,0.367931,H,A
2018/2019,2019-04-13,Puebla,Club Leon,0,3,A,0.437009,0.353888,0.209103,0.251236,0.263301,0.485462,H,A
2018/2019,2019-04-13,Queretaro,Toluca,0,0,D,0.235466,0.310456,0.454077,0.258955,0.272584,0.468461,A,A
2018/2019,2019-04-14,Pachuca,Veracruz,9,2,H,0.61877,0.188119,0.193111,0.728187,0.169161,0.102652,H,H
2018/2019,2019-04-14,Monarcas,Guadalajara Chivas,1,0,H,0.416951,0.288533,0.294516,0.349967,0.297416,0.352618,H,A
2018/2019,2019-04-14,UNAM Pumas,Club Tijuana,1,0,H,0.484013,0.290973,0.225014,0.416286,0.2914,0.292314,H,H
2018/2019,2019-04-14,Lobos BUAP,Tigres UANL,0,3,A,0.223008,0.329311,0.447681,0.173619,0.237397,0.588985,A,A
2018/2019,2019-04-15,Monterrey,Santos Laguna,4,0,H,0.505309,0.238803,0.255888,0.591658,0.23107,0.177272,H,H
2018/2019,2019-04-15,Club America,Cruz Azul,0,0,D,0.45186,0.314926,0.233214,0.451102,0.299764,0.249134,H,H
2018/2019,2019-04-20,Veracruz,Monterrey,0,1,A,0.118994,0.256695,0.624312,0.165157,0.224198,0.610645,A,A
2018/2019,2019-04-20,Club Tijuana,Lobos BUAP,1,2,A,0.580762,0.216963,0.202275,0.633403,0.218569,0.148029,H,H
2018/2019,2019-04-20,Necaxa,Pachuca,2,2,D,0.255448,0.297865,0.446687,0.385217,0.27963,0.335153,A,H
2018/2019,2019-04-20,Club Leon,Atlas,5,2,H,0.657947,0.202075,0.139978,0.665386,0.198623,0.135991,H,H
2018/2019,2019-04-21,Cruz Azul,UNAM Pumas,2,1,H,0.595694,0.252241,0.152064,0.594262,0.234696,0.171042,H,H
2018/2019,2019-04-21,Tigres UANL,Monarcas,3,3,D,0.61024,0.222861,0.166899,0.588909,0.231462,0.179629,H,H
2018/2019,2019-04-21,Guadalajara Chivas,Puebla,1,3,A,0.384449,0.326538,0.289013,0.494503,0.274237,0.23126,H,H
2018/2019,2019-04-21,Toluca,Club America,3,2,H,0.38045,0.364367,0.255183,0.345289,0.283179,0.371531,H,A
2018/2019,2019-04-22,Santos Laguna,Queretaro,2,1,H,0.594655,0.23279,0.172555,0.587508,0.235003,0.177488,H,H
2018/2019,2019-04-27,Puebla,Tigres UANL,1,1,D,0.273374,0.337834,0.388792,0.319463,0.28527,0.395268,A,A
2018/2019,2019-04-27,Monarcas,Club Tijuana,1,4,A,0.420978,0.304472,0.27455,0.359274,0.282833,0.357893,H,H
2018/2019,2019-04-27,Pachuca,Atlas,1,0,H,0.639727,0.22494,0.135334,0.637261,0.211455,0.151285,H,H
2018/2019,2019-04-28,Club America,Santos Laguna,1,0,H,0.570368,0.24892,0.180712,0.615816,0.219312,0.164873,H,H
2018/2019,2019-04-28,Monterrey,Necaxa,2,2,D,0.591434,0.243319,0.165247,0.346013,0.278675,0.375312,H,A
2018/2019,2019-04-28,Guadalajara Chivas,Club Leon,2,1,H,0.288991,0.379713,0.331296,0.265214,0.265974,0.468812,D,A
2018/2019,2019-04-28,UNAM Pumas,Toluca,2,2,D,0.322027,0.317096,0.360877,0.298626,0.265351,0.436023,A,A
2018/2019,2019-04-28,Lobos BUAP,Cruz Azul,1,4,A,0.241249,0.316509,0.442242,0.20306,0.258185,0.538755,A,A
2018/2019,2019-04-29,Queretaro,Veracruz,2,1,H,0.575153,0.188356,0.236491,0.60396,0.229654,0.166386,H,H
2018/2019,2019-05-04,Veracruz,Club America,0,2,A,0.129095,0.295129,0.575775,0.10744,0.185248,0.707312,A,A
2018/2019,2019-05-04,Cruz Azul,Monarcas,1,1,D,0.59187,0.221356,0.186774,0.619369,0.226047,0.154585,H,H
2018/2019,2019-05-05,Club Leon,Pachuca,2,1,H,0.364483,0.316461,0.319056,0.484871,0.260771,0.254358,H,H
2018/2019,2019-05-05,Tigres UANL,Guadalajara Chivas,2,1,H,0.625413,0.204623,0.169964,0.541637,0.247113,0.211251,H,H
2018/2019,2019-05-05,Necaxa,Queretaro,1,0,H,0.581136,0.250424,0.168441,0.527615,0.252337,0.220048,H,H
2018/2019,2019-05-05,Club Tijuana,Puebla,4,0,H,0.415644,0.310715,0.273641,0.514427,0.262285,0.223288,H,H
2018/2019,2019-05-05,Toluca,Lobos BUAP,4,0,H,0.694232,0.193897,0.111871,0.60462,0.228214,0.167166,H,H
2018/2019,2019-05-05,Atlas,Monterrey,2,0,H,0.226827,0.310313,0.46286,0.344991,0.2838,0.37121,A,A
2018/2019,2019-05-06,Santos Laguna,UNAM Pumas,5,2,H,0.491105,0.264736,0.244159,0.502353,0.249156,0.24849,H,H
2018/2019,2019-05-09,Pachuca,Tigres UANL,1,1,D,0.357507,0.37936,0.263134,0.336042,0.285221,0.378736,D,A
2018/2019,2019-05-09,Club Tijuana,Club Leon,1,3,A,0.375758,0.352978,0.271263,0.341949,0.296065,0.361986,H,A
2018/2019,2019-05-10,Necaxa,Monterrey,1,0,H,0.373819,0.299484,0.326697,0.289331,0.284006,0.426663,H,A
2018/2019,2019-05-10,Club America,Cruz Azul,3,1,H,0.437431,0.32118,0.24139,0.416056,0.313447,0.270497,H,H
2018/2019,2019-05-12,Tigres UANL,Pachuca,1,1,D,0.406049,0.283331,0.31062,0.569321,0.236131,0.194548,H,H
2018/2019,2019-05-12,Club Leon,Club Tijuana,2,1,H,0.429893,0.282164,0.287943,0.55506,0.240766,0.204174,H,H
2018/2019,2019-05-13,Cruz Azul,Club America,1,0,H,0.443886,0.317803,0.238311,0.373695,0.290521,0.335784,H,H
2018/2019,2019-05-13,Monterrey,Necaxa,1,0,H,0.583273,0.2675,0.149227,0.622982,0.220485,0.156533,H,H
2018/2019,2019-05-16,Monterrey,Tigres UANL,1,0,H,0.394297,0.29004,0.315663,0.398215,0.307232,0.294553,H,H
2018/2019,2019-05-17,Club America,Club Leon,0,1,A,0.472566,0.294873,0.232562,0.335055,0.293704,0.371241,H,A
2018/2019,2019-05-19,Tigres UANL,Monterrey,1,0,H,0.531589,0.276148,0.192263,0.437247,0.285219,0.277534,H,H
2018/2019,2019-05-20,Club Leon,Club America,0,1,A,0.481201,0.288059,0.23074,0.414183,0.284592,0.301224,H,H
2018/2019,2019-05-24,Tigres UANL,Club Leon,1,0,H,0.578089,0.266979,0.154932,0.421413,0.301009,0.277578,H,H
2018/2019,2019-05-27,Club Leon,Tigres UANL,0,0,D,0.439328,0.31493,0.245742,0.445238,0.289405,0.265357,H,H
2019/2020,2019-07-20,Puebla,Club Tijuana,1,3,A,0.28365,0.267639,0.448711,0.366037,0.308882,0.325082,A,H
2019/2020,2019-07-20,Atlas,Juarez,1,0,H,0.319705,0.307869,0.372427,0.517006,0.270526,0.212468,A,H
2019/2020,2019-07-20,Atl. San Luis,UNAM Pumas,0,2,A,0.364017,0.265182,0.370801,0.424749,0.292516,0.282736,A,H
2019/2020,2019-07-20,Pachuca,Club Leon,1,3,A,0.480435,0.29572,0.223845,0.383244,0.271979,0.344777,H,H
2019/2020,2019-07-21,Toluca,Queretaro,0,2,A,0.613753,0.252473,0.133774,0.573569,0.24388,0.182551,H,H
2019/2020,2019-07-21,Tigres UANL,Monarcas,4,2,H,0.677121,0.179546,0.143333,0.620092,0.223055,0.156853,H,H
2019/2020,2019-07-21,Club America,Monterrey,4,2,H,0.56216,0.254895,0.182945,0.451427,0.284385,0.264187,H,H
2019/2020,2019-07-21,Necaxa,Cruz Azul,0,0,D,0.398393,0.308659,0.292947,0.273124,0.292941,0.433935,H,A
2019/2020,2019-07-22,Santos Laguna,Guadalajara Chivas,3,0,H,0.509195,0.245125,0.24568,0.42442,0.290463,0.285117,H,H
2019/2020,2019-07-27,Monarcas,Atlas,0,1,A,0.46067,0.279324,0.260006,0.472059,0.270336,0.257605,H,H
2019/2020,2019-07-27,Veracruz,Pachuca,3,3,D,0.163024,0.278361,0.558615,0.219134,0.251708,0.529158,A,A
2019/2020,2019-07-28,Atl. San Luis,Monterrey,1,0,H,0.287082,0.309782,0.403135,0.24427,0.265905,0.489825,A,A
2019/2020,2019-07-28,Club Tijuana,Queretaro,1,1,D,0.517098,0.307865,0.175036,0.520047,0.269821,0.210132,H,H
2019/2020,2019-07-28,UNAM Pumas,Necaxa,2,0,H,0.435777,0.314303,0.24992,0.438737,0.284441,0.276822,H,H
2019/2020,2019-07-28,Club Leon,Club America,0,0,D,0.483427,0.276584,0.239989,0.416644,0.275702,0.307654,H,H
2019/2020,2019-07-28,Cruz Azul,Toluca,1,1,D,0.508311,0.26765,0.224039,0.574871,0.242524,0.182606,H,H
2019/2020,2019-07-29,Santos Laguna,Juarez,3,0,H,0.451809,0.270415,0.277776,0.558494,0.245915,0.195591,H,H
2019/2020,2019-07-29,Guadalajara Chivas,Tigres UANL,2,0,H,0.271794,0.343428,0.384778,0.278704,0.295569,0.425727,A,A
2019/2020,2019-08-03,Puebla,Guadalajara Chivas,1,1,D,0.467963,0.257053,0.274984,0.330125,0.297324,0.372551,H,A
2019/2020,2019-08-03,Atlas,Santos Laguna,1,2,A,0.245931,0.320206,0.433863,0.316741,0.290016,0.393242,A,A
2019/2020,2019-08-03,Queretaro,Cruz Azul,3,0,H,0.30266,0.324306,0.373034,0.27548,0.29472,0.4298,A,A
2019/2020,2019-08-04,Necaxa,Veracruz,7,0,H,0.660812,0.157416,0.181772,0.581109,0.254037,0.164854,H,H
2019/2020,2019-08-04,Club America,Club Tijuana,3,1,H,0.521262,0.245087,0.233651,0.595391,0.238156,0.166453,H,H
2019/2020,2019-08-04,Pachuca,Monarcas,1,2,A,0.517256,0.236649,0.246095,0.508021,0.249243,0.242736,H,H
2019/2020,2019-08-04,Monterrey,Club Leon,3,2,H,0.444346,0.273961,0.281692,0.474481,0.259048,0.266471,H,H
2019/2020,2019-08-04,UNAM Pumas,Tigres UANL,0,1,A,0.384474,0.347508,0.268018,0.320027,0.290024,0.389949,H,A
2019/2020,2019-08-05,Juarez,Toluca,2,0,H,0.310362,0.274484,0.415154,0.318799,0.288107,0.393095,A,A
2019/2020,2019-08-10,Cruz Azul,Juarez,2,0,H,0.6065,0.212646,0.180853,0.654743,0.219277,0.12598,H,H
2019/2020,2019-08-10,Club Tijuana,UNAM Pumas,1,0,H,0.448221,0.287487,0.264293,0.495824,0.266434,0.237741,H,H
2019/2020,2019-08-10,Queretaro,Pachuca,2,1,H,0.303081,0.284181,0.412738,0.385287,0.283092,0.331622,A,H
2019/2020,2019-08-10,Monarcas,Monterrey,0,1,A,0.338749,0.300346,0.360906,0.280881,0.263376,0.455743,A,A
2019/2020,2019-08-10,Veracruz,Atlas,1,2,A,0.251685,0.330575,0.417739,0.332753,0.288317,0.378931,A,A
2019/2020,2019-08-11,Toluca,Club America,0,1,A,0.393612,0.337644,0.268744,0.306248,0.279497,0.414255,H,A
2019/2020,2019-08-11,Guadalajara Chivas,Atl. San Luis,3,0,H,0.504602,0.287504,0.207893,0.462503,0.286923,0.250574,H,H
2019/2020,2019-08-11,Tigres UANL,Necaxa,3,1,H,0.50937,0.249865,0.240765,0.618226,0.22618,0.155594,H,H
2019/2020,2019-08-12,Santos Laguna,Puebla,4,1,H,0.57494,0.257712,0.167348,0.631442,0.217382,0.151176,H,H
2019/2020,2019-08-17,Puebla,Pachuca,0,4,A,0.29835,0.24647,0.45518,0.271051,0.2687,0.460249,A,A
2019/2020,2019-08-17,Atlas,Cruz Azul,1,3,A,0.331407,0.322432,0.346161,0.245625,0.290144,0.464231,A,A
2019/2020,2019-08-17,Atl. San Luis,Tigres UANL,1,1,D,0.22356,0.298695,0.477745,0.286113,0.290597,0.42329,A,A
2019/2020,2019-08-18,Necaxa,Santos Laguna,3,0,H,0.335912,0.376501,0.287587,0.347701,0.283902,0.368397,D,A
2019/2020,2019-08-18,Monterrey,Toluca,2,0,H,0.510861,0.246491,0.242648,0.635203,0.216176,0.148621,H,H
2019/2020,2019-08-18,UNAM Pumas,Veracruz,2,0,H,0.648147,0.18087,0.170984,0.697576,0.190509,0.111915,H,H
2019/2020,2019-08-18,Club Leon,Guadalajara Chivas,4,3,H,0.59479,0.236002,0.169208,0.564787,0.241841,0.193372,H,H
2019/2020,2019-08-18,Club America,Monarcas,1,0,H,0.634769,0.203828,0.161403,0.552465,0.247504,0.20003,H,H
2019/2020,2019-08-19,Juarez,Queretaro,0,2,A,0.412111,0.295646,0.292243,0.351423,0.291747,0.35683,H,A
2019/2020,2019-08-24,Veracruz,Atl. San Luis,1,2,A,0.285034,0.311698,0.403267,0.320027,0.290024,0.389949,A,A
2019/2020,2019-08-24,Monarcas,UNAM Pumas,2,0,H,0.383185,0.322131,0.294683,0.3989,0.274981,0.326118,H,H
2019/2020,2019-08-24,Santos Laguna,Monterrey,2,1,H,0.449309,0.318411,0.23228,0.35199,0.27331,0.374699,H,A
2019/2020,2019-08-24,Queretaro,Club Leon,0,4,A,0.303073,0.327905,0.369023,0.303593,0.279818,0.416589,A,A
2019/2020,2019-08-25,Guadalajara Chivas,Necaxa,1,2,A,0.229353,0.319481,0.451166,0.469866,0.275247,0.254886,A,H
2019/2020,2019-08-25,Toluca,Club Tijuana,2,0,H,0.45698,0.26347,0.279549,0.445569,0.27309,0.281341,H,H
2019/2020,2019-08-25,Pachuca,Atlas,3,1,H,0.601424,0.269529,0.129047,0.573656,0.237072,0.189272,H,H
2019/2020,2019-08-25,Cruz Azul,Puebla,1,1,D,0.723226,0.154309,0.122465,0.649379,0.223762,0.126859,H,H
2019/2020,2019-08-25,Tigres UANL,Club America,1,1,D,0.561101,0.282581,0.156318,0.467894,0.280455,0.251651,H,H
2019/2020,2019-08-28,Atl. San Luis,Monarcas,1,1,D,0.357659,0.285678,0.356663,0.375992,0.287523,0.336485,H,H
2019/2020,2019-08-28,Atlas,Tigres UANL,1,1,D,0.249619,0.326885,0.423496,0.241688,0.273676,0.484635,A,A
2019/2020,2019-08-28,Veracruz,Queretaro,0,5,A,0.214901,0.329083,0.456016,0.25682,0.258966,0.484213,A,A
2019/2020,2019-08-28,Club America,Pachuca,1,1,D,0.481424,0.241042,0.277534,0.406707,0.273537,0.319756,H,H
2019/2020,2019-08-29,Club Leon,Santos Laguna,2,2,D,0.553804,0.296075,0.150121,0.55937,0.228146,0.212484,H,H
2019/2020,2019-08-29,Necaxa,Toluca,1,1,D,0.493594,0.307057,0.199349,0.431578,0.282035,0.286387,H,H
2019/2020,2019-08-29,Club Tijuana,Cruz Azul,3,2,H,0.371591,0.305202,0.323208,0.329318,0.306494,0.364187,H,A
2019/2020,2019-08-30,Puebla,Juarez,2,1,H,0.445443,0.256736,0.297821,0.43839,0.28335,0.27826,H,H
2019/2020,2019-08-30,Monterrey,UNAM Pumas,2,0,H,0.583461,0.240028,0.176512,0.636252,0.216533,0.147215,H,H
2019/2020,2019-08-31,Monarcas,Veracruz,1,0,H,0.72948,0.149853,0.120666,0.709678,0.18017,0.110151,H,H
2019/2020,2019-08-31,Atlas,Club America,3,0,H,0.287405,0.360918,0.351677,0.297346,0.290842,0.411812,D,A
2019/2020,2019-08-31,Necaxa,Club Tijuana,3,2,H,0.539775,0.300842,0.159382,0.459891,0.269269,0.27084,H,H
2019/2020,2019-09-01,UNAM Pumas,Toluca,2,1,H,0.396329,0.276403,0.327268,0.483694,0.269969,0.246337,H,H
2019/2020,2019-09-01,Cruz Azul,Guadalajara Chivas,1,1,D,0.51318,0.257208,0.229612,0.485015,0.283911,0.231074,H,H
2019/2020,2019-09-01,Queretaro,Puebla,1,1,D,0.507921,0.277115,0.214964,0.581574,0.233799,0.184627,H,H
2019/2020,2019-09-01,Pachuca,Atl. San Luis,0,2,A,0.615978,0.25759,0.126433,0.522483,0.26421,0.213307,H,H
2019/2020,2019-09-01,Tigres UANL,Club Leon,1,1,D,0.464011,0.266184,0.269805,0.443295,0.274608,0.282097,H,H
2019/2020,2019-09-02,Juarez,Monterrey,1,0,H,0.325126,0.332031,0.342843,0.17997,0.250309,0.569721,A,A
2019/2020,2019-09-14,Puebla,Atl. San Luis,1,3,A,0.456455,0.275167,0.268378,0.354603,0.298733,0.346664,H,H
2019/2020,2019-09-14,Veracruz,Cruz Azul,0,0,D,0.108905,0.275697,0.615398,0.159243,0.235841,0.604916,A,A
2019/2020,2019-09-14,Club Tijuana,Tigres UANL,1,1,D,0.290731,0.313844,0.395425,0.329868,0.288891,0.381241,A,A
2019/2020,2019-09-14,Monterrey,Necaxa,0,2,A,0.539586,0.259777,0.200637,0.629079,0.218041,0.15288,H,H
2019/2020,2019-09-15,Club Leon,Juarez,3,1,H,0.650014,0.237781,0.112205,0.684382,0.186525,0.129093,H,H
2019/2020,2019-09-15,Club America,UNAM Pumas,1,1,D,0.64657,0.199374,0.154056,0.460583,0.284519,0.254898,H,H
2019/2020,2019-09-15,Toluca,Monarcas,0,2,A,0.499035,0.279785,0.22118,0.419057,0.282768,0.298175,H,H
2019/2020,2019-09-15,Guadalajara Chivas,Atlas,1,0,H,0.423442,0.314819,0.261739,0.469483,0.275839,0.254678,H,H
2019/2020,2019-09-16,Santos Laguna,Pachuca,2,2,D,0.419782,0.289099,0.29112,0.477204,0.251499,0.271297,H,H
2019/2020,2019-09-21,Necaxa,Club Leon,2,4,A,0.335412,0.326138,0.33845,0.330696,0.267028,0.402276,A,A
2019/2020,2019-09-21,Atlas,Toluca,0,1,A,0.367714,0.30044,0.331847,0.401836,0.292821,0.305343,H,H
2019/2020,2019-09-21,Monarcas,Guadalajara Chivas,1,0,H,0.390751,0.282631,0.326618,0.421418,0.287034,0.291547,H,H
2019/2020,2019-09-21,Atl. San Luis,Santos Laguna,2,3,A,0.32667,0.312301,0.361029,0.379592,0.275964,0.344444,A,H
2019/2020,2019-09-21,Monterrey,Puebla,3,2,H,0.647005,0.203508,0.149487,0.738205,0.17321,0.088585,H,H
2019/2020,2019-09-22,UNAM Pumas,Cruz Azul,1,1,D,0.311815,0.29094,0.397246,0.35087,0.294242,0.354888,A,A
2019/2020,2019-09-22,Club America,Queretaro,2,2,D,0.606441,0.225365,0.168193,0.530957,0.258823,0.21022,H,H
2019/2020,2019-09-22,Pachuca,Club Tijuana,4,1,H,0.497784,0.291769,0.210447,0.574979,0.230561,0.19446,H,H
2019/2020,2019-09-23,Juarez,Veracruz,2,0,H,0.621079,0.19373,0.185191,0.578128,0.241136,0.180735,H,H
2019/2020,2019-09-25,Queretaro,Necaxa,1,2,A,0.406189,0.330472,0.263339,0.433539,0.268142,0.298319,H,H
2019/2020,2019-09-25,Tigres UANL,Puebla,0,1,A,0.665928,0.194094,0.139978,0.689074,0.194207,0.116719,H,H
2019/2020,2019-09-25,Club Leon,Atlas,1,1,D,0.62052,0.240929,0.138551,0.68253,0.189437,0.128033,H,H
2019/2020,2019-09-25,Guadalajara Chivas,Pachuca,2,4,A,0.308317,0.317681,0.374002,0.39964,0.278428,0.321932,A,H
2019/2020,2019-09-26,Club Tijuana,Monarcas,3,2,H,0.490046,0.319169,0.190786,0.476122,0.272269,0.251609,H,H
2019/2020,2019-09-26,Juarez,Club America,1,1,D,0.290721,0.286103,0.423176,0.330478,0.292026,0.377497,A,A
2019/2020,2019-09-26,Santos Laguna,Veracruz,5,0,H,0.741906,0.155076,0.103018,0.732936,0.165334,0.10173,H,H
2019/2020,2019-09-26,Cruz Azul,Monterrey,1,1,D,0.490643,0.273553,0.235803,0.448308,0.287306,0.264387,H,H
2019/2020,2019-09-27,Toluca,Atl. San Luis,3,1,H,0.472864,0.27946,0.247676,0.394075,0.293062,0.312863,H,H
2019/2020,2019-09-28,Puebla,Club Leon,2,1,H,0.254934,0.315554,0.429513,0.249427,0.257027,0.493546,A,A
2019/2020,2019-09-28,Atlas,Queretaro,2,0,H,0.324843,0.291145,0.384012,0.340354,0.28946,0.370186,A,A
2019/2020,2019-09-28,Pachuca,Cruz Azul,2,0,H,0.396326,0.311197,0.292477,0.397248,0.279988,0.322764,H,H
2019/2020,2019-09-29,Club America,Guadalajara Chivas,4,1,H,0.636731,0.203536,0.159733,0.469225,0.28499,0.245785,H,H
2019/2020,2019-09-29,UNAM Pumas,Santos Laguna,2,0,H,0.288905,0.303572,0.407523,0.409071,0.270726,0.320203,A,H
2019/2020,2019-09-29,Necaxa,Juarez,0,0,D,0.533215,0.265205,0.20158,0.540963,0.256324,0.202714,H,H
2019/2020,2019-09-29,Monterrey,Tigres UANL,0,2,A,0.413797,0.279733,0.30647,0.442556,0.282483,0.274961,H,H
2019/2020,2019-09-29,Atl. San Luis,Club Tijuana,2,3,A,0.382998,0.300555,0.316447,0.435004,0.280775,0.28422,H,H
2019/2020,2019-09-30,Veracruz,Toluca,1,1,D,0.142701,0.258319,0.59898,0.247975,0.277584,0.474442,A,A
2019/2020,2019-10-05,Monarcas,Necaxa,2,3,A,0.403039,0.307193,0.289767,0.352697,0.282158,0.365145,H,A
2019/2020,2019-10-05,Club Leon,Veracruz,1,1,D,0.791001,0.141886,0.067113,0.794136,0.132356,0.073508,H,H
2019/2020,2019-10-06,Cruz Azul,Club America,5,2,H,0.404021,0.274426,0.321553,0.387745,0.293561,0.318694,H,H
2019/2020,2019-10-06,Tigres UANL,Santos Laguna,4,0,H,0.497544,0.257005,0.245451,0.507256,0.257141,0.235604,H,H
2019/2020,2019-10-06,Guadalajara Chivas,UNAM Pumas,1,1,D,0.36397,0.309996,0.326035,0.390285,0.284932,0.324783,H,H
2019/2020,2019-10-06,Club Tijuana,Atlas,2,2,D,0.442179,0.300903,0.256918,0.55602,0.253703,0.190277,H,H
2019/2020,2019-10-06,Toluca,Puebla,1,1,D,0.493667,0.266283,0.24005,0.51625,0.2625,0.22125,H,H
2019/2020,2019-10-07,Juarez,Atl. San Luis,1,2,A,0.391545,0.262922,0.345534,0.400799,0.293329,0.305873,H,H
2019/2020,2019-10-07,Queretaro,Monterrey,2,1,H,0.368103,0.32762,0.304276,0.312474,0.278693,0.408832,H,A
2019/2020,2019-10-19,Cruz Azul,Monarcas,2,3,A,0.580437,0.256546,0.163017,0.603332,0.237023,0.159645,H,H
2019/2020,2019-10-19,Santos Laguna,Club Tijuana,4,1,H,0.528841,0.265712,0.205448,0.591673,0.225468,0.18286,H,H
2019/2020,2019-10-19,Puebla,Atlas,0,1,A,0.407875,0.285754,0.30637,0.399475,0.298326,0.3022,H,H
2019/2020,2019-10-19,Veracruz,Tigres UANL,1,3,A,0.080949,0.260197,0.658854,0.163956,0.250341,0.585703,A,A
2019/2020,2019-10-20,Pachuca,Juarez,0,1,A,0.522201,0.277973,0.199826,0.628118,0.218733,0.153149,H,H
2019/2020,2019-10-20,Necaxa,Club America,2,2,D,0.36864,0.27963,0.35173,0.357581,0.294212,0.348206,H,H
2019/2020,2019-10-20,UNAM Pumas,Club Leon,1,2,A,0.312173,0.309409,0.378418,0.38749,0.276779,0.335731,A,H
2019/2020,2019-10-20,Atl. San Luis,Queretaro,0,2,A,0.387224,0.307155,0.305621,0.36845,0.277163,0.354387,H,H
2019/2020,2019-10-21,Monterrey,Guadalajara Chivas,1,1,D,0.60802,0.211271,0.180709,0.606667,0.234394,0.158939,H,H
2019/2020,2019-10-26,Queretaro,UNAM Pumas,3,0,H,0.378692,0.300811,0.320496,0.434109,0.276486,0.289406,H,H
2019/2020,2019-10-26,Club Tijuana,Veracruz,2,0,H,0.6688,0.185834,0.145366,0.779636,0.151844,0.06852,H,H
2019/2020,2019-10-26,Monarcas,Santos Laguna,2,2,D,0.32838,0.31775,0.35387,0.330325,0.273004,0.396672,A,A
2019/2020,2019-10-26,Atlas,Necaxa,0,2,A,0.359034,0.302275,0.338692,0.367108,0.293919,0.338972,H,H
2019/2020,2019-10-27,Club America,Puebla,2,0,H,0.618624,0.244982,0.136394,0.581365,0.246499,0.172136,H,H
2019/2020,2019-10-27,Club Leon,Atl. San Luis,3,2,H,0.62157,0.206521,0.171909,0.589777,0.235308,0.174915,H,H
2019/2020,2019-10-27,Tigres UANL,Cruz Azul,1,1,D,0.536469,0.254488,0.209043,0.498444,0.272541,0.229015,H,H
2019/2020,2019-10-27,Toluca,Pachuca,2,0,H,0.349188,0.304623,0.346188,0.35509,0.274197,0.370714,H,A
2019/2020,2019-10-28,Juarez,Guadalajara Chivas,1,2,A,0.442269,0.245674,0.312057,0.362653,0.298518,0.338829,H,H
2019/2020,2019-10-30,Atl. San Luis,Club America,0,1,A,0.236568,0.316285,0.447148,0.259584,0.266278,0.474138,A,A
2019/2020,2019-10-30,Santos Laguna,Queretaro,1,0,H,0.529825,0.293145,0.17703,0.538955,0.243948,0.217097,H,H
2019/2020,2019-10-30,Veracruz,Puebla,1,0,H,0.213424,0.310252,0.476324,0.357353,0.283909,0.358738,A,A
2019/2020,2019-10-30,UNAM Pumas,Atlas,5,1,H,0.47314,0.285774,0.241085,0.475729,0.284562,0.239709,H,H
2019/2020,2019-10-31,Pachuca,Monterrey,2,3,A,0.426635,0.297949,0.275417,0.401293,0.273448,0.325259,H,H
2019/2020,2019-10-31,Guadalajara Chivas,Club Tijuana,0,1,A,0.396252,0.301478,0.30227,0.440298,0.277322,0.28238,H,H
2019/2020,2019-10-31,Tigres UANL,Toluca,1,0,H,0.628315,0.254745,0.11694,0.613984,0.23353,0.152486,H,H
2019/2020,2019-11-01,Cruz Azul,Club Leon,1,0,H,0.450388,0.311109,0.238503,0.480414,0.264159,0.255427,H,H
2019/2020,2019-11-01,Monarcas,Juarez,6,1,H,0.439814,0.30121,0.258977,0.509977,0.2706,0.219423,H,H
2019/2020,2019-11-02,Queretaro,Tigres UANL,0,0,D,0.274604,0.363185,0.362211,0.31633,0.294238,0.389432,D,A
2019/2020,2019-11-02,Puebla,UNAM Pumas,1,1,D,0.330399,0.287845,0.381756,0.298643,0.280543,0.420814,A,A
2019/2020,2019-11-02,Atlas,Atl. San Luis,1,2,A,0.3707,0.254896,0.374404,0.446097,0.28727,0.266633,A,H
2019/2020,2019-11-03,Club America,Santos Laguna,1,2,A,0.582001,0.248129,0.169869,0.517426,0.254448,0.228126,H,H
2019/2020,2019-11-03,Monterrey,Veracruz,1,1,D,0.718163,0.176283,0.105554,0.777366,0.147303,0.075331,H,H
2019/2020,2019-11-03,Necaxa,Pachuca,1,2,A,0.476346,0.265335,0.258318,0.4062,0.262768,0.331032,H,H
2019/2020,2019-11-03,Toluca,Guadalajara Chivas,1,3,A,0.533539,0.255494,0.210967,0.403306,0.285417,0.311277,H,H
2019/2020,2019-11-04,Juarez,Club Tijuana,3,0,H,0.398372,0.293822,0.307806,0.345394,0.290174,0.364432,H,A
2019/2020,2019-11-04,Club Leon,Monarcas,1,1,D,0.428424,0.253026,0.318551,0.487525,0.255883,0.256592,H,H
2019/2020,2019-11-09,Atl. San Luis,Necaxa,0,2,A,0.29481,0.315787,0.389402,0.337447,0.283786,0.378767,A,A
2019/2020,2019-11-09,Club Tijuana,Monterrey,0,4,A,0.376722,0.272455,0.350823,0.310804,0.281607,0.407589,H,A
2019/2020,2019-11-09,Veracruz,Club America,0,5,A,0.146399,0.289204,0.564397,0.156003,0.229347,0.61465,A,A
2019/2020,2019-11-09,Monarcas,Puebla,3,2,H,0.473134,0.307033,0.219833,0.591009,0.24418,0.164811,H,H
2019/2020,2019-11-10,Tigres UANL,Pachuca,0,0,D,0.620145,0.229375,0.15048,0.518919,0.247697,0.233383,H,H
2019/2020,2019-11-10,Club Leon,Toluca,4,0,H,0.54784,0.244729,0.207431,0.610982,0.219549,0.169469,H,H
2019/2020,2019-11-10,Guadalajara Chivas,Queretaro,3,2,H,0.381978,0.334791,0.283231,0.405968,0.285173,0.308859,H,H
2019/2020,2019-11-10,UNAM Pumas,Juarez,1,1,D,0.503738,0.274931,0.221332,0.56643,0.251066,0.182504,H,H
2019/2020,2019-11-11,Santos Laguna,Cruz Azul,3,1,H,0.441887,0.273247,0.284866,0.442253,0.263844,0.293902,H,H
2019/2020,2019-11-23,Queretaro,Monarcas,3,1,H,0.329996,0.323143,0.34686,0.442195,0.275552,0.282252,A,H
2019/2020,2019-11-23,Club Tijuana,Club Leon,1,2,A,0.291288,0.28987,0.418842,0.457504,0.25585,0.286646,A,H
2019/2020,2019-11-23,Puebla,Necaxa,3,0,H,0.317153,0.326957,0.35589,0.286657,0.273168,0.440175,A,A
2019/2020,2019-11-24,Cruz Azul,Atl. San Luis,3,1,H,0.594114,0.233103,0.172782,0.60399,0.237282,0.158728,H,H
2019/2020,2019-11-24,Monterrey,Atlas,2,0,H,0.651957,0.213607,0.134436,0.738567,0.172973,0.08846,H,H
2019/2020,2019-11-24,Guadalajara Chivas,Veracruz,3,1,H,0.657449,0.203254,0.139297,0.750713,0.153896,0.09539,H,H
2019/2020,2019-11-24,Pachuca,UNAM Pumas,2,0,H,0.432603,0.260483,0.306914,0.505898,0.252949,0.241153,H,H
2019/2020,2019-11-24,Toluca,Santos Laguna,2,2,D,0.349042,0.323562,0.327396,0.439455,0.260464,0.300081,H,H
2019/2020,2019-11-25,Juarez,Tigres UANL,1,2,A,0.29302,0.343933,0.363047,0.242648,0.280768,0.476585,A,A
2019/2020,2019-11-28,Monarcas,Club Leon,3,3,D,0.32891,0.37592,0.295169,0.338653,0.279668,0.381679,D,A
2019/2020,2019-11-28,Necaxa,Queretaro,3,0,H,0.452152,0.280986,0.266862,0.4029,0.289938,0.307162,H,H
2019/2020,2019-11-29,Monterrey,Santos Laguna,5,2,H,0.489326,0.311787,0.198887,0.486803,0.266549,0.246647,H,H
2019/2020,2019-11-29,Club America,Tigres UANL,1,2,A,0.525161,0.312334,0.162505,0.433122,0.298994,0.267885,H,H
2019/2020,2019-12-01,Club Leon,Monarcas,1,2,A,0.496358,0.270287,0.233355,0.55992,0.231211,0.208869,H,H
2019/2020,2019-12-01,Queretaro,Necaxa,2,3,A,0.361808,0.318665,0.319527,0.504666,0.250969,0.244365,H,H
2019/2020,2019-12-02,Santos Laguna,Monterrey,1,1,D,0.372424,0.321309,0.306267,0.472828,0.2546,0.272572,H,H
2019/2020,2019-12-02,Tigres UANL,Club America,2,4,A,0.476387,0.259461,0.264153,0.396776,0.283066,0.320158,H,H
2019/2020,2019-12-05,Monterrey,Necaxa,2,1,H,0.520871,0.303177,0.175952,0.58815,0.233486,0.178364,H,H
2019/2020,2019-12-06,Monarcas,Club America,2,0,H,0.269447,0.325528,0.405026,0.308427,0.277124,0.414449,A,A
2019/2020,2019-12-08,Necaxa,Monterrey,0,1,A,0.359532,0.336133,0.304335,0.327897,0.272126,0.399978,H,A
2019/2020,2019-12-09,Club America,Monarcas,2,0,H,0.59045,0.267296,0.142253,0.649106,0.203557,0.147337,H,H
2019/2020,2019-12-27,Monterrey,Club America,2,1,H,0.38832,0.306663,0.305017,0.496956,0.26476,0.238284,H,H
2019/2020,2019-12-30,Club America,Monterrey,2,1,H,0.510253,0.303946,0.185801,0.4889,0.254496,0.256605,H,H
2019/2020,2020-01-11,Monarcas,Toluca,0,1,A,0.497158,0.255691,0.247151,0.465074,0.27438,0.260546,H,H
2019/2020,2020-01-11,Club Tijuana,Santos Laguna,2,1,H,0.344171,0.271144,0.384684,0.336758,0.269406,0.393836,A,A
2019/2020,2020-01-11,Cruz Azul,Atlas,1,2,A,0.664757,0.196408,0.138836,0.58147,0.248757,0.169772,H,H
2019/2020,2020-01-12,Club Leon,Queretaro,3,1,H,0.582057,0.241612,0.176331,0.593263,0.222297,0.18444,H,H
2019/2020,2020-01-12,Guadalajara Chivas,Juarez,2,0,H,0.412835,0.276503,0.310662,0.556794,0.256864,0.186342,H,H
2019/2020,2020-01-12,Tigres UANL,Atl. San Luis,0,0,D,0.686078,0.172999,0.140923,0.596766,0.235966,0.167267,H,H
2019/2020,2020-01-12,UNAM Pumas,Pachuca,2,1,H,0.398129,0.31387,0.288001,0.342759,0.278107,0.379134,H,A
2019/2020,2020-01-17,Juarez,UNAM Pumas,4,4,D,0.326671,0.306625,0.366704,0.350923,0.300792,0.348285,A,H
2019/2020,2020-01-18,Atl. San Luis,Cruz Azul,2,1,H,0.308434,0.296664,0.394902,0.309164,0.301134,0.389702,A,A
2019/2020,2020-01-18,Atlas,Puebla,0,1,A,0.318821,0.267148,0.414032,0.473382,0.28116,0.245457,A,H
2019/2020,2020-01-18,Monterrey,Monarcas,2,2,D,0.570342,0.235161,0.194498,0.628476,0.213336,0.158188,H,H
2019/2020,2020-01-19,Queretaro,Club Tijuana,3,0,H,0.509141,0.278536,0.212323,0.423081,0.274126,0.302793,H,H
2019/2020,2020-01-19,Toluca,Necaxa,2,3,A,0.388779,0.270795,0.340426,0.438139,0.271595,0.290267,H,H
2019/2020,2020-01-19,Pachuca,Guadalajara Chivas,0,0,D,0.493659,0.296724,0.209618,0.431893,0.267599,0.300508,H,H
2019/2020,2020-01-19,Club America,Tigres UANL,1,0,H,0.512742,0.281351,0.205907,0.410257,0.290652,0.299091,H,H
2019/2020,2020-01-20,Santos Laguna,Club Leon,3,2,H,0.375658,0.318238,0.306104,0.435533,0.256266,0.308201,H,H
2019/2020,2020-01-25,Puebla,Queretaro,0,1,A,0.401097,0.286942,0.311961,0.345395,0.281355,0.37325,H,A
2019/2020,2020-01-25,Club Tijuana,Club America,0,0,D,0.356232,0.294437,0.349331,0.334832,0.28191,0.383258,H,A
2019/2020,2020-01-25,Cruz Azul,Santos Laguna,3,0,H,0.416776,0.268157,0.315067,0.410241,0.277588,0.31217,H,H
2019/2020,2020-01-26,Guadalajara Chivas,Toluca,2,2,D,0.452891,0.271994,0.275114,0.511163,0.267333,0.221504,H,H
2019/2020,2020-01-26,Tigres UANL,Atlas,2,1,H,0.705986,0.168149,0.125865,0.581109,0.248603,0.170288,H,H
2019/2020,2020-01-26,Club Leon,Pachuca,3,0,H,0.548391,0.286792,0.164818,0.470977,0.257729,0.271294,H,H
2019/2020,2020-01-26,UNAM Pumas,Monterrey,1,0,H,0.388087,0.332338,0.279575,0.304401,0.275497,0.420102,H,A
2019/2020,2020-01-26,Necaxa,Atl. San Luis,1,1,D,0.621914,0.23809,0.139996,0.446754,0.28074,0.272507,H,H
2019/2020,2020-01-27,Juarez,Monarcas,3,0,H,0.38401,0.333002,0.282987,0.344487,0.287786,0.367727,H,A
2019/2020,2020-02-01,Monterrey,Queretaro,1,2,A,0.589222,0.225567,0.185212,0.630328,0.214984,0.154688,H,H
2019/2020,2020-02-01,Monarcas,Club Leon,1,2,A,0.266926,0.278448,0.454625,0.342208,0.26649,0.391302,A,A
2019/2020,2020-02-01,Necaxa,Puebla,2,0,H,0.511801,0.270421,0.217778,0.510813,0.261882,0.227306,H,H
2019/2020,2020-02-01,Atl. San Luis,Guadalajara Chivas,2,2,D,0.373889,0.311342,0.314769,0.381467,0.299989,0.318545,H,H
2019/2020,2020-02-01,Atlas,Club Tijuana,2,1,H,0.439957,0.274112,0.285931,0.372272,0.299019,0.328709,H,H
2019/2020,2020-02-02,Toluca,Cruz Azul,3,3,D,0.324227,0.29008,0.385693,0.311222,0.290734,0.398044,A,A
2019/2020,2020-02-02,Santos Laguna,UNAM Pumas,1,1,D,0.543272,0.252427,0.204301,0.531121,0.251206,0.217673,H,H
2019/2020,2020-02-02,Club America,Juarez,1,3,A,0.550499,0.220261,0.22924,0.63647,0.222308,0.141223,H,H
2019/2020,2020-02-02,Pachuca,Tigres UANL,2,0,H,0.395537,0.288336,0.316127,0.414626,0.285773,0.299601,H,H
2019/2020,2020-02-05,Puebla,Club America,0,1,A,0.337588,0.32496,0.337453,0.272096,0.298344,0.42956,H,A
2019/2020,2020-02-06,Necaxa,Monterrey,2,2,D,0.430622,0.273952,0.295426,0.290811,0.273654,0.435534,H,A
2019/2020,2020-02-07,Atlas,Monarcas,1,3,A,0.349541,0.260617,0.389842,0.341121,0.296438,0.362441,A,A
2019/2020,2020-02-08,Puebla,Santos Laguna,2,2,D,0.325396,0.289209,0.385395,0.266342,0.270224,0.463434,A,A
2019/2020,2020-02-08,Club Tijuana,Toluca,1,1,D,0.361266,0.268612,0.370122,0.523888,0.263432,0.212679,A,H
2019/2020,2020-02-08,Cruz Azul,Pachuca,3,1,H,0.51147,0.302051,0.186479,0.452964,0.274727,0.27231,H,H
2019/2020,2020-02-09,UNAM Pumas,Atl. San Luis,4,0,H,0.481704,0.270552,0.247743,0.460983,0.281634,0.257382,H,H
2019/2020,2020-02-09,Club Leon,Monterrey,3,1,H,0.453721,0.270354,0.275925,0.408978,0.267545,0.323477,H,H
2019/2020,2020-02-09,Tigres UANL,Guadalajara Chivas,3,0,H,0.581655,0.236346,0.182,0.506787,0.276018,0.217195,H,H
2019/2020,2020-02-10,Queretaro,Club America,1,2,A,0.432812,0.331422,0.235766,0.385398,0.287557,0.327045,H,H
2019/2020,2020-02-10,Juarez,Necaxa,2,1,H,0.351395,0.346926,0.301678,0.425909,0.28394,0.290151,H,H
2019/2020,2020-02-15,Atl. San Luis,Club Leon,3,1,H,0.23197,0.321916,0.446114,0.367633,0.273284,0.359083,A,H
2019/2020,2020-02-15,Monarcas,Club Tijuana,1,1,D,0.492293,0.270904,0.236803,0.458194,0.282716,0.25909,H,H
2019/2020,2020-02-15,Pachuca,Puebla,1,0,H,0.526005,0.244668,0.229328,0.569758,0.243755,0.186487,H,H
2019/2020,2020-02-15,Toluca,UNAM Pumas,2,3,A,0.388914,0.331042,0.280044,0.378128,0.2749,0.346972,H,H
2019/2020,2020-02-16,Necaxa,Queretaro,2,3,A,0.527074,0.280223,0.192704,0.379917,0.281762,0.33832,H,H
2019/2020,2020-02-16,Guadalajara Chivas,Cruz Azul,1,2,A,0.276786,0.294871,0.428344,0.361752,0.297776,0.340472,A,H
2019/2020,2020-02-16,Monterrey,Juarez,1,1,D,0.528428,0.269559,0.202013,0.643838,0.212644,0.143518,H,H
2019/2020,2020-02-16,Club America,Atlas,2,0,H,0.660181,0.187803,0.152016,0.610742,0.22809,0.161168,H,H
2019/2020,2020-02-17,Santos Laguna,Tigres UANL,2,1,H,0.421289,0.304987,0.273723,0.476118,0.258616,0.265266,H,H
2019/2020,2020-02-22,Atlas,Pachuca,0,2,A,0.37777,0.308718,0.313512,0.33923,0.285832,0.374938,H,A
2019/2020,2020-02-22,Puebla,Toluca,2,0,H,0.276884,0.254491,0.468626,0.373716,0.279162,0.347122,A,H
2019/2020,2020-02-22,Club Tijuana,Guadalajara Chivas,0,1,A,0.429525,0.255147,0.315328,0.431523,0.289026,0.27945,H,H
2019/2020,2020-02-22,Club Leon,Necaxa,2,1,H,0.484854,0.272466,0.24268,0.546434,0.245751,0.207816,H,H
2019/2020,2020-02-23,Cruz Azul,Tigres UANL,2,1,H,0.423645,0.316422,0.259933,0.452813,0.280443,0.266743,H,H
2019/2020,2020-02-23,Monterrey,Club America,0,1,A,0.503899,0.300206,0.195895,0.507616,0.256613,0.235771,H,H
2019/2020,2020-02-23,UNAM Pumas,Monarcas,1,2,A,0.45848,0.29359,0.24793,0.471606,0.255941,0.272453,H,H
2019/2020,2020-02-23,Queretaro,Atl. San Luis,0,1,A,0.514075,0.269682,0.216244,0.453759,0.29069,0.255551,H,H
2019/2020,2020-02-24,Juarez,Santos Laguna,1,2,A,0.411776,0.329009,0.259215,0.308223,0.279443,0.412334,H,A
2019/2020,2020-02-29,Club Tijuana,Puebla,0,1,A,0.43937,0.274666,0.285965,0.561914,0.256964,0.181122,H,H
2019/2020,2020-02-29,Monarcas,Cruz Azul,2,4,A,0.376064,0.325273,0.298663,0.397469,0.286178,0.316353,H,H
2019/2020,2020-02-29,Pachuca,Queretaro,1,1,D,0.524811,0.259985,0.215204,0.421773,0.284183,0.294044,H,H
2019/2020,2020-02-29,Atl. San Luis,Juarez,0,3,A,0.358812,0.310085,0.331103,0.51431,0.274602,0.211089,H,H
2019/2020,2020-02-29,Toluca,Monterrey,2,0,H,0.329631,0.296567,0.373801,0.328935,0.269822,0.401244,A,A
2019/2020,2020-03-01,Tigres UANL,UNAM Pumas,3,0,H,0.542339,0.269359,0.188302,0.502414,0.264053,0.233534,H,H
2019/2020,2020-03-01,Guadalajara Chivas,Club Leon,2,0,H,0.341039,0.334044,0.324918,0.399497,0.279528,0.320975,H,H
2019/2020,2020-03-01,Club America,Necaxa,0,3,A,0.498424,0.225708,0.275867,0.498881,0.27358,0.227539,H,H
2019/2020,2020-03-02,Santos Laguna,Atlas,1,0,H,0.63983,0.194548,0.165623,0.614153,0.224003,0.161845,H,H
2019/2020,2020-03-07,Queretaro,Toluca,1,1,D,0.392924,0.27703,0.330046,0.474858,0.265163,0.259978,H,H
2019/2020,2020-03-07,UNAM Pumas,Club America,3,3,D,0.470306,0.336689,0.193005,0.338311,0.301086,0.360603,H,A
2019/2020,2020-03-07,Puebla,Tigres UANL,0,0,D,0.237343,0.300271,0.462386,0.293863,0.288404,0.417733,A,A
2019/2020,2020-03-07,Cruz Azul,Club Tijuana,4,2,H,0.526986,0.258736,0.214278,0.555927,0.255757,0.188316,H,H
2019/2020,2020-03-07,Monterrey,Atl. San Luis,2,2,D,0.634523,0.216666,0.148811,0.574554,0.241134,0.184312,H,H
2019/2020,2020-03-08,Atlas,Guadalajara Chivas,1,2,A,0.344626,0.294559,0.360815,0.290887,0.311318,0.397795,A,A
2019/2020,2020-03-08,Necaxa,Monarcas,1,2,A,0.505232,0.284252,0.210516,0.404632,0.282016,0.313351,H,H
2019/2020,2020-03-08,Pachuca,Santos Laguna,1,0,H,0.460998,0.303521,0.235481,0.448053,0.262521,0.289426,H,H
2019/2020,2020-03-09,Juarez,Club Leon,1,4,A,0.408868,0.325673,0.265459,0.38124,0.285345,0.333414,H,H
2019/2020,2020-03-14,Monarcas,Queretaro,4,0,H,0.422522,0.284851,0.292627,0.420532,0.281199,0.298269,H,H
2019/2020,2020-03-14,Club Tijuana,Pachuca,3,2,H,0.409381,0.329347,0.261273,0.419905,0.277437,0.302658,H,H
2019/2020,2020-03-14,Atl. San Luis,Puebla,0,1,A,0.396063,0.297775,0.306162,0.532279,0.265386,0.202335,H,H
2019/2020,2020-03-15,Toluca,Atlas,2,3,A,0.514747,0.235591,0.249662,0.477118,0.279985,0.242896,H,H
2019/2020,2020-03-15,Club Leon,UNAM Pumas,3,1,H,0.522184,0.253732,0.224083,0.470022,0.262737,0.267241,H,H
2019/2020,2020-03-15,Tigres UANL,Juarez,3,2,H,0.613938,0.236793,0.149269,0.596107,0.243088,0.160805,H,H
2019/2020,2020-03-15,Guadalajara Chivas,Monterrey,1,1,D,0.369818,0.255925,0.374257,0.340759,0.29735,0.361891,A,A
2019/2020,2020-03-16,Club America,Cruz Azul,0,1,A,0.513968,0.281714,0.204318,0.348243,0.276941,0.374816,H,A
2019/2020,2020-03-16,Santos Laguna,Necaxa,2,1,H,0.397724,0.248057,0.354219,0.556797,0.239851,0.203352,H,H
2020/2021,2020-07-25,Necaxa,Tigres UANL,0,3,A,0.390117,0.312182,0.2977,0.225312,0.279954,0.494734,H,A
2020/2021,2020-07-26,Guadalajara Chivas,Club Leon,0,0,D,0.332704,0.299605,0.367692,0.332274,0.27706,0.390666,A,A
2020/2021,2020-07-26,Club Tijuana,Atlas,3,1,H,0.476835,0.25165,0.271515,0.507891,0.26854,0.223569,H,H
2020/2021,2020-07-26,Cruz Azul,Santos Laguna,2,0,H,0.546804,0.289826,0.16337,0.512987,0.253018,0.233994,H,H
2020/2021,2020-07-26,UNAM Pumas,Queretaro,3,2,H,0.487237,0.266139,0.246624,0.456568,0.274476,0.268955,H,H
2020/2021,2020-07-28,Atl. San Luis,Juarez,1,1,D,0.31427,0.262041,0.423689,0.525894,0.274513,0.199593,A,H
2020/2021,2020-07-28,Pachuca,Club America,1,2,A,0.421904,0.287742,0.290353,0.352035,0.283554,0.364411,H,A
2020/2021,2020-07-28,Mazatlan FC,Puebla,1,4,A,0.487926,0.298353,0.213721,0.419939,0.29409,0.285971,H,H
2020/2021,2020-07-29,Monterrey,Toluca,3,1,H,0.491979,0.250648,0.257373,0.658497,0.201523,0.13998,H,H
2020/2021,2020-08-01,Puebla,Cruz Azul,1,1,D,0.328901,0.336308,0.334791,0.230059,0.273111,0.49683,D,A
2020/2021,2020-08-01,Juarez,Necaxa,1,0,H,0.380641,0.276127,0.343233,0.376129,0.294259,0.329612,H,H
2020/2021,2020-08-02,Tigres UANL,Pachuca,1,1,D,0.578909,0.254084,0.167006,0.610461,0.22452,0.165019,H,H
2020/2021,2020-08-02,Club America,Club Tijuana,4,0,H,0.574316,0.234583,0.1911,0.482298,0.261357,0.256345,H,H
2020/2021,2020-08-02,Toluca,Atl. San Luis,3,2,H,0.476605,0.267546,0.255849,0.395431,0.279406,0.325163,H,H
2020/2021,2020-08-02,Queretaro,Mazatlan FC,1,1,D,0.531316,0.203528,0.265156,0.377024,0.284201,0.338775,H,H
2020/2021,2020-08-03,Santos Laguna,Guadalajara Chivas,2,0,H,0.552154,0.273535,0.17431,0.396448,0.286663,0.316889,H,H
2020/2021,2020-08-04,Club Leon,Monterrey,1,0,H,0.522894,0.260326,0.216779,0.424438,0.260101,0.315461,H,H
2020/2021,2020-08-04,Atlas,UNAM Pumas,1,2,A,0.307231,0.25915,0.433619,0.375172,0.281379,0.343448,A,H
2020/2021,2020-08-07,Pachuca,Queretaro,1,0,H,0.51581,0.243027,0.241164,0.470707,0.282141,0.247152,H,H
2020/2021,2020-08-07,Club Tijuana,Tigres UANL,0,0,D,0.255117,0.336937,0.407946,0.25726,0.280436,0.462304,A,A
2020/2021,2020-08-08,Necaxa,Club America,1,1,D,0.347412,0.29801,0.354577,0.275943,0.274324,0.449733,A,A
2020/2021,2020-08-08,Mazatlan FC,Toluca,2,1,H,0.399925,0.278385,0.32169,0.402633,0.270756,0.326611,H,H
2020/2021,2020-08-09,Cruz Azul,Club Leon,2,0,H,0.483481,0.305459,0.21106,0.430809,0.27335,0.295841,H,H
2020/2021,2020-08-09,Monterrey,Santos Laguna,2,2,D,0.502973,0.292233,0.204794,0.530505,0.250319,0.219176,H,H
2020/2021,2020-08-09,Guadalajara Chivas,Puebla,0,1,A,0.451259,0.303347,0.245394,0.4391,0.291366,0.269534,H,H
2020/2021,2020-08-09,UNAM Pumas,Juarez,1,1,D,0.435724,0.282561,0.281716,0.5099,0.255648,0.234452,H,H
2020/2021,2020-08-10,Atl. San Luis,Atlas,1,1,D,0.424689,0.254286,0.321025,0.426619,0.281414,0.291967,H,H
2020/2021,2020-08-11,Necaxa,Mazatlan FC,1,0,H,0.534509,0.249666,0.215825,0.472671,0.266635,0.260693,H,H
2020/2021,2020-08-12,Pachuca,Club Leon,0,1,A,0.406985,0.314128,0.278887,0.341448,0.284193,0.374359,H,A
2020/2021,2020-08-12,Tigres UANL,Puebla,2,1,H,0.609353,0.256848,0.133799,0.636445,0.228747,0.134809,H,H
2020/2021,2020-08-12,Queretaro,Cruz Azul,1,0,H,0.330995,0.343614,0.325392,0.220915,0.275494,0.503591,D,A
2020/2021,2020-08-13,Juarez,Guadalajara Chivas,0,2,A,0.461391,0.277326,0.261282,0.331054,0.307096,0.36185,H,A
2020/2021,2020-08-13,UNAM Pumas,Monterrey,1,1,D,0.366235,0.295835,0.337931,0.324376,0.276392,0.399232,H,A
2020/2021,2020-08-13,Club Tijuana,Atl. San Luis,0,2,A,0.350552,0.267503,0.381945,0.489255,0.265476,0.245269,A,H
2020/2021,2020-08-14,Club America,Santos Laguna,3,1,H,0.565582,0.265426,0.168992,0.460423,0.266285,0.273292,H,H
2020/2021,2020-08-14,Atlas,Toluca,1,2,A,0.301341,0.26724,0.43142,0.397782,0.279877,0.322341,A,H
2020/2021,2020-08-15,Puebla,Pachuca,0,1,A,0.3803,0.277874,0.341825,0.284083,0.300525,0.415392,H,A
2020/2021,2020-08-15,Guadalajara Chivas,Atl. San Luis,2,1,H,0.441841,0.265008,0.293151,0.456786,0.290811,0.252402,H,H
2020/2021,2020-08-16,Cruz Azul,Juarez,3,2,H,0.594158,0.229252,0.17659,0.6726,0.203242,0.124158,H,H
2020/2021,2020-08-16,Mazatlan FC,UNAM Pumas,0,0,D,0.406529,0.285232,0.308238,0.42018,0.275976,0.303844,H,H
2020/2021,2020-08-16,Monterrey,Necaxa,1,1,D,0.536961,0.25436,0.208679,0.584151,0.237822,0.178027,H,H
2020/2021,2020-08-16,Toluca,Tigres UANL,3,2,H,0.320788,0.340995,0.338217,0.31773,0.270761,0.411509,D,A
2020/2021,2020-08-17,Santos Laguna,Atlas,0,0,D,0.585738,0.221336,0.192926,0.494237,0.25733,0.248433,H,H
2020/2021,2020-08-17,Queretaro,Club America,4,1,H,0.272354,0.319367,0.408279,0.302908,0.276842,0.420251,A,A
2020/2021,2020-08-18,Club Leon,Club Tijuana,2,1,H,0.660712,0.203718,0.135569,0.615325,0.220588,0.164087,H,H
2020/2021,2020-08-22,Necaxa,Santos Laguna,2,1,H,0.407007,0.275217,0.317776,0.328522,0.282728,0.388751,H,A
2020/2021,2020-08-22,Juarez,Club Leon,0,0,D,0.41364,0.321659,0.264701,0.240374,0.264888,0.494738,H,A
2020/2021,2020-08-22,Atlas,Queretaro,1,0,H,0.292297,0.294754,0.412949,0.325289,0.298268,0.376443,A,A
2020/2021,2020-08-23,Tigres UANL,UNAM Pumas,1,1,D,0.598803,0.252811,0.148385,0.598908,0.231835,0.169257,H,H
2020/2021,2020-08-23,Club America,Monterrey,1,3,A,0.513677,0.27319,0.213132,0.361639,0.268112,0.370249,H,A
2020/2021,2020-08-23,Toluca,Guadalajara Chivas,1,0,H,0.425296,0.301164,0.27354,0.350103,0.295815,0.354082,H,A
2020/2021,2020-08-24,Club Tijuana,Puebla,1,0,H,0.342603,0.292514,0.364884,0.480057,0.291623,0.22832,A,H
2020/2021,2020-08-24,Atl. San Luis,Cruz Azul,1,3,A,0.309576,0.333158,0.357267,0.212084,0.253466,0.534451,A,A
2020/2021,2020-08-25,Pachuca,Mazatlan FC,4,3,H,0.532286,0.246546,0.221168,0.499865,0.283257,0.216879,H,H
2020/2021,2020-08-29,Mazatlan FC,Tigres UANL,1,1,D,0.327354,0.301939,0.370708,0.248198,0.274401,0.477401,A,A
2020/2021,2020-08-29,Puebla,Toluca,4,1,H,0.473219,0.287909,0.238872,0.325913,0.292303,0.381784,H,A
2020/2021,2020-08-30,Atl. San Luis,Club America,1,2,A,0.263656,0.295532,0.440813,0.330431,0.276662,0.392907,A,A
2020/2021,2020-08-30,Guadalajara Chivas,Pachuca,0,0,D,0.445467,0.295799,0.258734,0.383773,0.297945,0.318282,H,H
2020/2021,2020-08-30,Cruz Azul,Necaxa,3,0,H,0.602541,0.25131,0.146149,0.605904,0.231536,0.16256,H,H
2020/2021,2020-08-30,UNAM Pumas,Club Tijuana,3,0,H,0.578198,0.231409,0.190393,0.453942,0.273427,0.27263,H,H
2020/2021,2020-08-31,Santos Laguna,Queretaro,2,1,H,0.525183,0.270721,0.204096,0.432671,0.280651,0.286678,H,H
2020/2021,2020-08-31,Monterrey,Juarez,2,1,H,0.560001,0.250826,0.189173,0.635173,0.206572,0.158255,H,H
2020/2021,2020-09-01,Club Leon,Atlas,2,1,H,0.626375,0.214457,0.159169,0.557752,0.252567,0.189681,H,H
2020/2021,2020-09-03,Club America,Mazatlan FC,3,1,H,0.557826,0.246847,0.195327,0.603826,0.224444,0.17173,H,H
2020/2021,2020-09-04,Queretaro,Toluca,4,1,H,0.491997,0.272363,0.23564,0.448832,0.268268,0.2829,H,H
2020/2021,2020-09-04,Pachuca,Atl. San Luis,3,1,H,0.490751,0.244813,0.264436,0.501066,0.264768,0.234166,H,H
2020/2021,2020-09-05,Necaxa,Club Leon,0,2,A,0.430426,0.307852,0.261723,0.234735,0.253233,0.512032,H,A
2020/2021,2020-09-05,Club Tijuana,Monterrey,2,1,H,0.309109,0.296783,0.394108,0.291555,0.270428,0.438017,A,A
2020/2021,2020-09-05,Juarez,Santos Laguna,1,1,D,0.372157,0.284223,0.34362,0.304608,0.277411,0.417982,H,A
2020/2021,2020-09-05,UNAM Pumas,Puebla,4,1,H,0.478367,0.273958,0.247676,0.530845,0.253882,0.215273,H,H
2020/2021,2020-09-06,Atlas,Cruz Azul,1,0,H,0.223732,0.323727,0.452541,0.209923,0.257474,0.532603,A,A
2020/2021,2020-09-06,Tigres UANL,Guadalajara Chivas,1,3,A,0.602593,0.247805,0.149603,0.465788,0.288414,0.245798,H,H
2020/2021,2020-09-08,Atl. San Luis,Necaxa,2,1,H,0.425306,0.291985,0.28271,0.384543,0.285459,0.329998,H,H
2020/2021,2020-09-09,Toluca,Juarez,0,1,A,0.342749,0.26266,0.39459,0.531958,0.239313,0.228729,A,H
2020/2021,2020-09-09,Monterrey,Atlas,1,1,D,0.591263,0.247889,0.160848,0.61759,0.219943,0.162467,H,H
2020/2021,2020-09-09,Guadalajara Chivas,Queretaro,1,1,D,0.389082,0.295666,0.315253,0.472516,0.281226,0.246258,H,H
2020/2021,2020-09-09,Puebla,Club America,2,3,A,0.377477,0.300855,0.321668,0.250356,0.26458,0.485064,H,A
2020/2021,2020-09-09,Club Leon,Tigres UANL,1,1,D,0.497897,0.251997,0.250106,0.497998,0.266836,0.235166,H,H
2020/2021,2020-09-10,Cruz Azul,Pachuca,1,0,H,0.574627,0.26739,0.157983,0.435354,0.281468,0.283179,H,H
2020/2021,2020-09-10,Mazatlan FC,Club Tijuana,1,0,H,0.527016,0.258946,0.214038,0.387881,0.290004,0.322115,H,H
2020/2021,2020-09-10,Santos Laguna,UNAM Pumas,1,2,A,0.437323,0.301042,0.261635,0.460562,0.273628,0.26581,H,H
2020/2021,2020-09-12,Atlas,Mazatlan FC,1,1,D,0.330655,0.267251,0.402094,0.416115,0.284176,0.29971,A,H
2020/2021,2020-09-12,Necaxa,Guadalajara Chivas,1,2,A,0.427232,0.293934,0.278834,0.298805,0.286853,0.414343,H,A
2020/2021,2020-09-12,Juarez,Puebla,1,0,H,0.397137,0.256388,0.346476,0.445571,0.292844,0.261585,H,H
2020/2021,2020-09-13,Tigres UANL,Santos Laguna,2,0,H,0.537484,0.26255,0.199965,0.453214,0.274594,0.272192,H,H
2020/2021,2020-09-13,Club America,Toluca,1,1,D,0.652224,0.211038,0.136738,0.538612,0.242656,0.218732,H,H
2020/2021,2020-09-13,UNAM Pumas,Atl. San Luis,3,0,H,0.551801,0.23105,0.217149,0.503873,0.258935,0.237192,H,H
2020/2021,2020-09-14,Queretaro,Club Leon,2,3,A,0.396846,0.34217,0.260983,0.294984,0.277425,0.427591,H,A
2020/2021,2020-09-14,Club Tijuana,Cruz Azul,1,2,A,0.282822,0.32626,0.390918,0.304782,0.275113,0.420105,A,A
2020/2021,2020-09-15,Pachuca,Monterrey,1,1,D,0.43205,0.290424,0.277526,0.426768,0.2678,0.305432,H,H
2020/2021,2020-09-19,Mazatlan FC,Cruz Azul,2,3,A,0.334904,0.344842,0.320253,0.296685,0.282344,0.420972,D,A
2020/2021,2020-09-19,Atlas,Pachuca,0,1,A,0.281962,0.294074,0.423964,0.315886,0.305563,0.378551,A,A
2020/2021,2020-09-19,Necaxa,Puebla,0,1,A,0.390782,0.255205,0.354014,0.434934,0.285094,0.279972,H,H
2020/2021,2020-09-20,Tigres UANL,Queretaro,3,0,H,0.510774,0.249299,0.239927,0.525446,0.260528,0.214026,H,H
2020/2021,2020-09-20,Club America,Guadalajara Chivas,1,0,H,0.554054,0.269555,0.176392,0.401249,0.280754,0.317997,H,H
2020/2021,2020-09-20,Toluca,Santos Laguna,1,2,A,0.34851,0.274077,0.377412,0.340463,0.264484,0.395052,A,A
2020/2021,2020-09-21,Atl. San Luis,Monterrey,1,2,A,0.286915,0.302961,0.410124,0.238457,0.247944,0.513599,A,A
2020/2021,2020-09-22,Club Leon,UNAM Pumas,2,0,H,0.487483,0.302486,0.210031,0.552951,0.236579,0.21047,H,H
2020/2021,2020-09-25,Pachuca,Toluca,0,0,D,0.546082,0.217393,0.236525,0.601822,0.223164,0.175014,H,H
2020/2021,2020-09-26,Guadalajara Chivas,Mazatlan FC,2,1,H,0.472065,0.259288,0.268647,0.547027,0.261289,0.191684,H,H
2020/2021,2020-09-26,Puebla,Queretaro,3,3,D,0.367741,0.269553,0.362706,0.343782,0.300671,0.355547,H,A
2020/2021,2020-09-26,Juarez,Atlas,0,1,A,0.474444,0.258967,0.266589,0.386524,0.302715,0.310761,H,H
2020/2021,2020-09-27,UNAM Pumas,Necaxa,1,1,D,0.531058,0.236425,0.232517,0.436118,0.266655,0.297227,H,H
2020/2021,2020-09-27,Monterrey,Tigres UANL,0,2,A,0.39224,0.304698,0.303062,0.357472,0.286415,0.356113,H,H
2020/2021,2020-09-27,Atl. San Luis,Club Leon,0,2,A,0.260474,0.343355,0.396171,0.215419,0.242276,0.542305,A,A
2020/2021,2020-09-28,Cruz Azul,Club America,0,0,D,0.546342,0.28578,0.167878,0.496585,0.270603,0.232813,H,H
2020/2021,2020-10-01,Club Tijuana,Juarez,2,1,H,0.398766,0.289614,0.31162,0.441764,0.282461,0.275775,H,H
2020/2021,2020-10-03,Club Leon,Mazatlan FC,2,1,H,0.632002,0.212796,0.155203,0.678859,0.19316,0.127982,H,H
2020/2021,2020-10-03,Atlas,Necaxa,0,1,A,0.312188,0.250942,0.43687,0.401026,0.300447,0.298527,A,H
2020/2021,2020-10-03,Puebla,Santos Laguna,0,2,A,0.392894,0.298903,0.308204,0.301506,0.271706,0.426789,H,A
2020/2021,2020-10-04,Juarez,Pachuca,1,1,D,0.369003,0.304379,0.326619,0.215144,0.274625,0.510232,H,A
2020/2021,2020-10-04,Toluca,Cruz Azul,2,0,H,0.376154,0.32244,0.301406,0.248153,0.247494,0.504353,H,A
2020/2021,2020-10-04,Tigres UANL,Atl. San Luis,3,0,H,0.69648,0.183415,0.120105,0.647194,0.214737,0.138068,H,H
2020/2021,2020-10-04,Club America,UNAM Pumas,2,2,D,0.51125,0.280123,0.208627,0.44222,0.2689,0.28888,H,H
2020/2021,2020-10-05,Queretaro,Monterrey,1,2,A,0.396446,0.297883,0.305671,0.371923,0.269028,0.359049,H,H
2020/2021,2020-10-05,Club Tijuana,Guadalajara Chivas,0,0,D,0.368298,0.306995,0.324707,0.350376,0.297931,0.351693,H,A
2020/2021,2020-10-12,Santos Laguna,Club Tijuana,2,0,H,0.574337,0.249241,0.176422,0.556252,0.249867,0.19388,H,H
2020/2021,2020-10-16,Atl. San Luis,Queretaro,2,1,H,0.270049,0.239682,0.490269,0.267783,0.279845,0.452371,A,A
2020/2021,2020-10-17,Necaxa,Club Tijuana,2,0,H,0.49196,0.258873,0.249167,0.431788,0.291457,0.276755,H,H
2020/2021,2020-10-17,Mazatlan FC,Juarez,3,2,H,0.455824,0.290693,0.253483,0.487563,0.269926,0.242512,H,H
2020/2021,2020-10-17,Monterrey,Puebla,3,1,H,0.504358,0.244765,0.250877,0.610361,0.220769,0.16887,H,H
2020/2021,2020-10-18,Guadalajara Chivas,Atlas,3,2,H,0.524407,0.254195,0.221398,0.451373,0.299469,0.249158,H,H
2020/2021,2020-10-18,Cruz Azul,Tigres UANL,0,2,A,0.42322,0.325501,0.251279,0.438758,0.270103,0.291139,H,H
2020/2021,2020-10-18,UNAM Pumas,Toluca,1,0,H,0.49826,0.27241,0.229329,0.485927,0.254912,0.259161,H,H
2020/2021,2020-10-19,Santos Laguna,Pachuca,1,1,D,0.503606,0.277855,0.218539,0.401142,0.289368,0.30949,H,H
2020/2021,2020-10-20,Club Leon,Club America,3,2,H,0.550155,0.273131,0.176714,0.530693,0.242603,0.226704,H,H
2020/2021,2020-10-24,Puebla,Club Leon,1,2,A,0.30797,0.349505,0.342525,0.215796,0.239035,0.545169,D,A
2020/2021,2020-10-24,Queretaro,Necaxa,0,1,A,0.412254,0.308038,0.279708,0.41519,0.290117,0.294693,H,H
2020/2021,2020-10-25,Guadalajara Chivas,Cruz Azul,0,2,A,0.425853,0.287963,0.286184,0.285767,0.304384,0.40985,H,A
2020/2021,2020-10-25,Toluca,Club Tijuana,2,0,H,0.499728,0.252995,0.247276,0.512257,0.257544,0.230199,H,H
2020/2021,2020-10-25,Tigres UANL,Juarez,1,1,D,0.615232,0.225925,0.158843,0.669516,0.208194,0.12229,H,H
2020/2021,2020-10-25,Club America,Atlas,1,0,H,0.64663,0.21224,0.14113,0.467369,0.267833,0.264798,H,H
2020/2021,2020-10-25,Mazatlan FC,Monterrey,1,2,A,0.408002,0.316752,0.275246,0.345152,0.263482,0.391365,H,A
2020/2021,2020-10-26,Santos Laguna,Atl. San Luis,2,1,H,0.645652,0.198433,0.155915,0.61796,0.227036,0.155003,H,H
2020/2021,2020-10-27,Pachuca,UNAM Pumas,1,1,D,0.461731,0.283104,0.255165,0.50652,0.267815,0.225665,H,H
2020/2021,2020-10-30,Atl. San Luis,Mazatlan FC,0,5,A,0.284074,0.251406,0.46452,0.394567,0.289512,0.31592,A,H
2020/2021,2020-10-31,Juarez,Queretaro,1,0,H,0.436114,0.246466,0.317421,0.367948,0.288453,0.343599,H,H
2020/2021,2020-10-31,Atlas,Puebla,0,1,A,0.371212,0.259678,0.369109,0.421288,0.280859,0.297853,H,H
2020/2021,2020-10-31,Necaxa,Toluca,3,2,H,0.426428,0.285026,0.288547,0.407993,0.280572,0.311435,H,H
2020/2021,2020-10-31,Club Tijuana,Pachuca,0,2,A,0.326319,0.300887,0.372794,0.350283,0.294106,0.355611,A,A
2020/2021,2020-11-01,UNAM Pumas,Guadalajara Chivas,2,2,D,0.543988,0.258702,0.19731,0.407619,0.286333,0.306048,H,H
2020/2021,2020-11-01,Monterrey,Cruz Azul,1,0,H,0.439213,0.29135,0.269437,0.370552,0.273039,0.356409,H,H
2020/2021,2020-11-01,Club America,Tigres UANL,3,1,H,0.437992,0.327251,0.234757,0.353033,0.272752,0.374215,H,A
2020/2021,2020-11-03,Club Leon,Santos Laguna,2,1,H,0.59167,0.270824,0.137506,0.490549,0.250549,0.258901,H,H
2020/2021,2020-11-07,Pachuca,Necaxa,0,1,A,0.573784,0.273838,0.152378,0.321426,0.294979,0.383595,H,A
2020/2021,2020-11-07,Puebla,Atl. San Luis,1,0,H,0.569587,0.220934,0.209479,0.556738,0.23679,0.206472,H,H
2020/2021,2020-11-07,Juarez,Club America,1,1,D,0.315228,0.311961,0.372811,0.303689,0.267246,0.429065,A,A
2020/2021,2020-11-07,Guadalajara Chivas,Monterrey,3,1,H,0.461444,0.307468,0.231088,0.329615,0.28196,0.388426,H,A
2020/2021,2020-11-08,Toluca,Club Leon,2,2,D,0.358186,0.34667,0.295144,0.270307,0.25007,0.479622,H,A
2020/2021,2020-11-08,Tigres UANL,Atlas,1,1,D,0.655224,0.207759,0.137017,0.636692,0.224445,0.138863,H,H
2020/2021,2020-11-08,Cruz Azul,UNAM Pumas,1,2,A,0.540872,0.255505,0.203623,0.54373,0.246109,0.210161,H,H
2020/2021,2020-11-09,Santos Laguna,Mazatlan FC,4,0,H,0.423887,0.269243,0.30687,0.599835,0.222267,0.177898,H,H
2020/2021,2020-11-09,Queretaro,Club Tijuana,2,2,D,0.501071,0.248588,0.250341,0.470368,0.262194,0.267438,H,H
2020/2021,2020-11-22,Santos Laguna,Pachuca,0,3,A,0.494444,0.28385,0.221706,0.429551,0.292202,0.278247,H,H
2020/2021,2020-11-22,Guadalajara Chivas,Necaxa,1,0,H,0.540892,0.301737,0.157371,0.400235,0.302775,0.29699,H,H
2020/2021,2020-11-23,Tigres UANL,Toluca,2,1,H,0.568975,0.2518,0.179226,0.600305,0.223135,0.17656,H,H
2020/2021,2020-11-23,Monterrey,Puebla,2,2,D,0.56726,0.244158,0.188582,0.616631,0.218571,0.164799,H,H
2020/2021,2020-11-26,Puebla,Club Leon,2,1,H,0.316055,0.330497,0.353449,0.205164,0.248932,0.545904,A,A
2020/2021,2020-11-26,Guadalajara Chivas,Club America,1,0,H,0.351626,0.305018,0.343356,0.381402,0.303134,0.315465,H,H
2020/2021,2020-11-27,Tigres UANL,Cruz Azul,1,3,A,0.526229,0.254398,0.219372,0.38846,0.292258,0.319282,H,H
2020/2021,2020-11-27,Pachuca,UNAM Pumas,0,1,A,0.492703,0.285172,0.222125,0.493789,0.278586,0.227625,H,H
2020/2021,2020-11-29,Club Leon,Puebla,2,0,H,0.668978,0.224853,0.106169,0.707609,0.183146,0.109245,H,H
2020/2021,2020-11-29,Club America,Guadalajara Chivas,1,2,A,0.597725,0.256845,0.14543,0.490807,0.278368,0.230825,H,H
2020/2021,2020-11-29,UNAM Pumas,Pachuca,0,0,D,0.441427,0.289665,0.268907,0.256952,0.269577,0.473471,H,A
2020/2021,2020-11-30,Cruz Azul,Tigres UANL,0,1,A,0.533274,0.254132,0.212594,0.402157,0.265813,0.33203,H,H
2020/2021,2020-12-03,Guadalajara Chivas,Club Leon,1,1,D,0.374303,0.313618,0.312079,0.304384,0.285767,0.40985,H,A
2020/2021,2020-12-04,Cruz Azul,UNAM Pumas,4,0,H,0.557228,0.272381,0.170391,0.558294,0.246654,0.195052,H,H
2020/2021,2020-12-06,Club Leon,Guadalajara Chivas,1,0,H,0.655351,0.244291,0.100358,0.545153,0.252632,0.202215,H,H
2020/2021,2020-12-07,UNAM Pumas,Cruz Azul,4,0,H,0.335226,0.290908,0.373867,0.31477,0.269283,0.415946,A,A
2020/2021,2020-12-11,UNAM Pumas,Club Leon,1,1,D,0.389289,0.306661,0.30405,0.250948,0.284612,0.464441,H,A
2020/2021,2020-12-15,Club Leon,UNAM Pumas,2,0,H,0.624035,0.23883,0.137135,0.586013,0.234111,0.179877,H,H
2020/2021,2021-01-09,Puebla,Guadalajara Chivas,1,1,D,0.398322,0.311244,0.290434,0.32498,0.307819,0.367201,H,A
2020/2021,2021-01-09,Club Tijuana,UNAM Pumas,0,0,D,0.303036,0.284344,0.412619,0.470387,0.272329,0.257284,A,H
2020/2021,2021-01-09,Mazatlan FC,Necaxa,3,2,H,0.445471,0.327752,0.226776,0.457758,0.282123,0.260119,H,H
2020/2021,2021-01-09,Atlas,Monterrey,0,2,A,0.332186,0.310701,0.357113,0.263017,0.263017,0.473965,A,A
2020/2021,2021-01-10,Toluca,Queretaro,3,1,H,0.420961,0.259445,0.319594,0.417901,0.272491,0.309608,H,H
2020/2021,2021-01-10,Tigres UANL,Club Leon,2,0,H,0.46517,0.316252,0.218578,0.472876,0.270605,0.256519,H,H
2020/2021,2021-01-10,Club America,Atl. San Luis,2,1,H,0.726779,0.167299,0.105922,0.565674,0.243063,0.191263,H,H
2020/2021,2021-01-11,Santos Laguna,Cruz Azul,1,0,H,0.424182,0.286275,0.289542,0.37184,0.278603,0.349557,H,H
2020/2021,2021-01-12,Pachuca,Juarez,1,1,D,0.52783,0.256063,0.216107,0.602009,0.236831,0.16116,H,H
2020/2021,2021-01-16,Guadalajara Chivas,Toluca,1,1,D,0.45803,0.264109,0.277861,0.504736,0.265273,0.229991,H,H
2020/2021,2021-01-16,Necaxa,Atl. San Luis,1,0,H,0.557222,0.222729,0.220049,0.485992,0.265842,0.248166,H,H
2020/2021,2021-01-16,Juarez,Club Tijuana,0,0,D,0.494759,0.246896,0.258345,0.363198,0.287206,0.349595,H,H
2020/2021,2021-01-17,UNAM Pumas,Mazatlan FC,3,0,H,0.53052,0.253546,0.215934,0.442663,0.269947,0.28739,H,H
2020/2021,2021-01-17,Monterrey,Club America,1,0,H,0.420081,0.29248,0.287439,0.559489,0.239576,0.200935,H,H
2020/2021,2021-01-17,Cruz Azul,Puebla,0,1,A,0.610213,0.242064,0.147723,0.550063,0.258317,0.19162,H,H
2020/2021,2021-01-18,Santos Laguna,Tigres UANL,2,0,H,0.475024,0.30111,0.223866,0.377779,0.285356,0.336865,H,H
2020/2021,2021-01-18,Queretaro,Atlas,1,0,H,0.414282,0.254227,0.331491,0.387591,0.289193,0.323216,H,H
2020/2021,2021-01-19,Club Leon,Pachuca,0,0,D,0.581994,0.245862,0.172144,0.453154,0.277827,0.269019,H,H
2020/2021,2021-01-22,Atl. San Luis,Guadalajara Chivas,3,1,H,0.260008,0.294096,0.445897,0.256768,0.288566,0.454667,A,A
2020/2021,2021-01-23,Puebla,Club Tijuana,0,1,A,0.478929,0.255361,0.26571,0.413663,0.298683,0.287655,H,H
2020/2021,2021-01-23,Mazatlan FC,Santos Laguna,0,0,D,0.324584,0.324304,0.351111,0.309477,0.273281,0.417242,A,A
2020/2021,2021-01-24,Toluca,Necaxa,2,0,H,0.468468,0.299015,0.232518,0.438351,0.282936,0.278713,H,H
2020/2021,2021-01-24,Atlas,Tigres UANL,0,2,A,0.3049,0.309089,0.386012,0.280464,0.289147,0.430389,A,A
2020/2021,2021-01-25,Queretaro,UNAM Pumas,2,0,H,0.247678,0.309093,0.443229,0.431048,0.291394,0.277559,A,H
2020/2021,2021-01-26,Pachuca,Cruz Azul,0,1,A,0.459457,0.262738,0.277805,0.492695,0.282816,0.224489,H,H
2020/2021,2021-01-27,Club America,Juarez,2,0,H,0.609336,0.242468,0.148197,0.467338,0.293002,0.23966,H,H
2020/2021,2021-01-29,Tigres UANL,Necaxa,1,1,D,0.613948,0.230375,0.155677,0.588019,0.259709,0.152272,H,H
2020/2021,2021-01-30,Mazatlan FC,Pachuca,1,0,H,0.348797,0.297336,0.353867,0.27493,0.290298,0.434772,A,A
2020/2021,2021-01-31,Club Tijuana,Toluca,3,2,H,0.327461,0.287145,0.385394,0.500173,0.256253,0.243574,A,H
2020/2021,2021-01-31,Guadalajara Chivas,Juarez,1,2,A,0.573669,0.25147,0.17486,0.476396,0.28295,0.240654,H,H
2020/2021,2021-01-31,Cruz Azul,Queretaro,4,1,H,0.598065,0.236745,0.16519,0.539363,0.262106,0.198531,H,H
2020/2021,2021-01-31,UNAM Pumas,Atlas,0,0,D,0.63373,0.203708,0.162563,0.344868,0.311531,0.3436,H,H
2020/2021,2021-02-01,Santos Laguna,Club America,1,1,D,0.461286,0.282884,0.255831,0.460423,0.273292,0.266285,H,H
2020/2021,2021-02-02,Club Leon,Atl. San Luis,3,1,H,0.731124,0.163918,0.104957,0.555531,0.253612,0.190857,H,H
2020/2021,2021-02-03,Puebla,Monterrey,0,0,D,0.387688,0.305749,0.306563,0.234626,0.277792,0.487582,H,A
2020/2021,2021-02-05,Atl. San Luis,Club Tijuana,2,2,D,0.380603,0.308706,0.310691,0.453579,0.274009,0.272412,H,H
2020/2021,2021-02-05,Queretaro,Pachuca,3,1,H,0.312075,0.293371,0.394554,0.30242,0.294788,0.402792,A,A
2020/2021,2021-02-06,Necaxa,Cruz Azul,0,2,A,0.431764,0.28279,0.285446,0.21605,0.279443,0.504507,H,A
2020/2021,2021-02-06,Atlas,Santos Laguna,1,1,D,0.310743,0.307131,0.382126,0.320026,0.298555,0.381419,A,A
2020/2021,2021-02-07,Monterrey,UNAM Pumas,1,0,H,0.504134,0.270642,0.225223,0.639391,0.223328,0.137281,H,H
2020/2021,2021-02-07,Toluca,Mazatlan FC,4,1,H,0.566553,0.252508,0.180938,0.501659,0.258473,0.239868,H,H
2020/2021,2021-02-07,Club America,Puebla,1,0,H,0.619524,0.232619,0.147857,0.542776,0.261506,0.195718,H,H
2020/2021,2021-02-09,Club Leon,Guadalajara Chivas,1,3,A,0.609545,0.218183,0.172272,0.500794,0.274629,0.224577,H,H
2020/2021,2021-02-13,Puebla,Juarez,4,0,H,0.454205,0.27136,0.274435,0.365752,0.326246,0.308002,H,H
2020/2021,2021-02-13,Club Tijuana,Club Leon,2,0,H,0.28061,0.301075,0.418315,0.32511,0.274432,0.400458,A,A
2020/2021,2021-02-13,Mazatlan FC,Atl. San Luis,0,3,A,0.384022,0.25348,0.362497,0.436345,0.275451,0.288203,H,H
2020/2021,2021-02-14,Toluca,UNAM Pumas,1,0,H,0.392704,0.311737,0.295559,0.491349,0.262976,0.245675,H,H
2020/2021,2021-02-14,Guadalajara Chivas,Necaxa,2,2,D,0.53667,0.251522,0.211808,0.524515,0.269837,0.205647,H,H
2020/2021,2021-02-14,Club America,Queretaro,2,1,H,0.634307,0.222119,0.143574,0.481757,0.279823,0.23842,H,H
2020/2021,2021-02-15,Santos Laguna,Monterrey,1,0,H,0.514167,0.292421,0.193412,0.289298,0.284022,0.426681,H,A
2020/2021,2021-02-16,Pachuca,Atlas,0,1,A,0.584732,0.223838,0.191431,0.474746,0.298802,0.226453,H,H
2020/2021,2021-02-18,Tigres UANL,Cruz Azul,0,2,A,0.491555,0.288654,0.219791,0.452095,0.28795,0.259955,H,H
2020/2021,2021-02-19,Atl. San Luis,Santos Laguna,1,0,H,0.300765,0.338864,0.360371,0.379916,0.296696,0.323388,A,H
2020/2021,2021-02-20,Necaxa,Monterrey,1,1,D,0.44042,0.315077,0.244503,0.224715,0.283277,0.492008,H,A
2020/2021,2021-02-20,Juarez,Mazatlan FC,1,0,H,0.529572,0.235425,0.235003,0.429907,0.292445,0.277648,H,H
2020/2021,2021-02-21,Cruz Azul,Toluca,3,2,H,0.535278,0.272456,0.192267,0.542382,0.252134,0.205484,H,H
2020/2021,2021-02-21,Atlas,Club America,0,2,A,0.283644,0.318466,0.39789,0.34839,0.313318,0.338292,A,H
2020/2021,2021-02-21,UNAM Pumas,Club Leon,0,1,A,0.446196,0.270819,0.282985,0.248851,0.265111,0.486037,H,A
2020/2021,2021-02-21,Queretaro,Puebla,1,1,D,0.32568,0.309805,0.364515,0.422468,0.295461,0.282071,A,H
2020/2021,2021-02-22,Tigres UANL,Club Tijuana,3,2,H,0.614621,0.246139,0.13924,0.540236,0.257468,0.202296,H,H
2020/2021,2021-02-23,Pachuca,Guadalajara Chivas,1,1,D,0.394688,0.267525,0.337787,0.432168,0.301123,0.266709,H,H
2020/2021,2021-02-26,Atl. San Luis,Tigres UANL,2,2,D,0.283173,0.307677,0.40915,0.290748,0.296286,0.412965,A,A
2020/2021,2021-02-27,Puebla,Necaxa,1,0,H,0.454809,0.261534,0.283657,0.417653,0.304737,0.277609,H,H
2020/2021,2021-02-27,Mazatlan FC,Queretaro,3,0,H,0.375951,0.27007,0.353979,0.407711,0.288166,0.304123,H,H
2020/2021,2021-02-27,Toluca,Atlas,0,0,D,0.564241,0.254511,0.181248,0.442899,0.279796,0.277305,H,H
2020/2021,2021-02-28,Club America,Pachuca,2,0,H,0.544726,0.232663,0.22261,0.401855,0.313907,0.284239,H,H
2020/2021,2021-02-28,Club Leon,Cruz Azul,0,1,A,0.534981,0.296974,0.168046,0.381517,0.300552,0.317931,H,H
2020/2021,2021-02-28,Monterrey,Club Tijuana,1,1,D,0.556074,0.249177,0.194749,0.5701,0.248001,0.181899,H,H
2020/2021,2021-03-01,Guadalajara Chivas,UNAM Pumas,2,1,H,0.491873,0.266277,0.24185,0.502818,0.279177,0.218005,H,H
2020/2021,2021-03-01,Santos Laguna,Juarez,3,2,H,0.657669,0.212634,0.129697,0.512055,0.276419,0.211526,H,H
2020/2021,2021-03-02,Atlas,Atl. San Luis,3,1,H,0.32962,0.275298,0.395082,0.44931,0.301473,0.249217,A,H
2020/2021,2021-03-03,Tigres UANL,Toluca,0,1,A,0.526199,0.261418,0.212383,0.583753,0.23766,0.178586,H,H
2020/2021,2021-03-03,Club Leon,Puebla,1,2,A,0.574804,0.259143,0.166053,0.549378,0.263083,0.187539,H,H
2020/2021,2021-03-04,Juarez,Monterrey,1,6,A,0.337632,0.303839,0.358528,0.241984,0.271528,0.486488,A,A
2020/2021,2021-03-04,Queretaro,Guadalajara Chivas,2,2,D,0.290188,0.301158,0.408655,0.31037,0.293778,0.395853,A,A
2020/2021,2021-03-04,Cruz Azul,Mazatlan FC,1,0,H,0.652255,0.214998,0.132748,0.663051,0.213448,0.123501,H,H
2020/2021,2021-03-04,Club Tijuana,Club America,0,2,A,0.361382,0.356119,0.282499,0.365959,0.293458,0.340583,H,H
2020/2021,2021-03-05,UNAM Pumas,Santos Laguna,1,0,H,0.475318,0.284225,0.240457,0.285706,0.296625,0.417669,H,A
2020/2021,2021-03-05,Necaxa,Pachuca,2,2,D,0.458266,0.252484,0.28925,0.309003,0.30697,0.384028,H,A
2020/2021,2021-03-06,Atl. San Luis,Toluca,0,0,D,0.325862,0.324058,0.35008,0.360257,0.291583,0.348159,A,H
2020/2021,2021-03-06,Puebla,Tigres UANL,1,1,D,0.381553,0.283739,0.334708,0.290433,0.312849,0.396719,H,A
2020/2021,2021-03-06,Atlas,Juarez,2,0,H,0.455,0.246716,0.298283,0.536102,0.271168,0.192731,H,H
2020/2021,2021-03-07,Club America,Club Leon,2,1,H,0.512923,0.250968,0.236109,0.446128,0.29981,0.254062,H,H
2020/2021,2021-03-07,Monterrey,Queretaro,2,1,H,0.607496,0.227528,0.164976,0.666156,0.202303,0.13154,H,H
2020/2021,2021-03-07,Mazatlan FC,Guadalajara Chivas,1,1,D,0.318465,0.301132,0.380403,0.30465,0.303657,0.391693,A,A
2020/2021,2021-03-08,Santos Laguna,Necaxa,3,1,H,0.49755,0.246847,0.255603,0.585114,0.252807,0.162079,H,H
2020/2021,2021-03-08,UNAM Pumas,Cruz Azul,0,1,A,0.475234,0.322435,0.202331,0.172136,0.256544,0.571321,H,A
2020/2021,2021-03-09,Pachuca,Club Tijuana,2,1,H,0.443266,0.266773,0.289962,0.461788,0.288796,0.249415,H,H
2020/2021,2021-03-11,Monterrey,Club Leon,1,1,D,0.519706,0.266457,0.213837,0.5716,0.243903,0.184497,H,H
2020/2021,2021-03-13,Puebla,Atlas,0,1,A,0.541312,0.275361,0.183327,0.30476,0.329528,0.365712,H,A
2020/2021,2021-03-13,Juarez,UNAM Pumas,1,1,D,0.318645,0.280155,0.401199,0.4053,0.296876,0.297824,A,H
2020/2021,2021-03-14,Tigres UANL,Mazatlan FC,1,2,A,0.589914,0.234799,0.175286,0.631352,0.232438,0.13621,H,H
2020/2021,2021-03-14,Cruz Azul,Monterrey,1,0,H,0.414428,0.291169,0.294403,0.414041,0.295744,0.290216,H,H
2020/2021,2021-03-14,Club Tijuana,Santos Laguna,0,1,A,0.367534,0.316214,0.316252,0.341404,0.293092,0.365503,H,A
2020/2021,2021-03-14,Toluca,Pachuca,0,2,A,0.438068,0.264583,0.297349,0.339216,0.286148,0.374636,H,A
2020/2021,2021-03-15,Guadalajara Chivas,Club America,0,3,A,0.446948,0.34124,0.211812,0.34935,0.315123,0.335527,H,H
2020/2021,2021-03-15,Queretaro,Atl. San Luis,2,1,H,0.42164,0.292266,0.286094,0.416215,0.286868,0.296917,H,H
2020/2021,2021-03-16,Club Leon,Necaxa,3,1,H,0.57293,0.227391,0.199679,0.650436,0.216308,0.133256,H,H
2020/2021,2021-03-19,Pachuca,Tigres UANL,1,0,H,0.361562,0.282418,0.35602,0.399485,0.300258,0.300258,H,H
2020/2021,2021-03-20,Necaxa,Juarez,1,0,H,0.529449,0.239199,0.231352,0.471966,0.284041,0.243993,H,H
2020/2021,2021-03-20,Mazatlan FC,Club America,0,1,A,0.306556,0.362817,0.330627,0.277333,0.305429,0.417238,D,A
2020/2021,2021-03-20,Atl. San Luis,UNAM Pumas,0,1,A,0.305267,0.287555,0.407178,0.382268,0.30682,0.310911,A,H
2020/2021,2021-03-21,Club Tijuana,Queretaro,3,1,H,0.453965,0.263835,0.282201,0.458412,0.289523,0.252065,H,H
2020/2021,2021-03-21,Cruz Azul,Atlas,3,2,H,0.644598,0.226241,0.129161,0.429555,0.322538,0.247908,H,H
2020/2021,2021-03-21,Toluca,Puebla,4,4,D,0.46801,0.282442,0.249548,0.3966,0.296818,0.306582,H,H
2020/2021,2021-03-22,Santos Laguna,Club Leon,1,2,A,0.403815,0.278868,0.317317,0.381083,0.293602,0.325315,H,H
2020/2021,2021-04-03,Puebla,Mazatlan FC,3,1,H,0.435224,0.290879,0.273898,0.478289,0.303799,0.217912,H,H
2020/2021,2021-04-03,Juarez,Cruz Azul,0,1,A,0.383912,0.356864,0.259223,0.216388,0.276746,0.506866,H,A
2020/2021,2021-04-04,Atlas,Club Tijuana,1,0,H,0.346394,0.27458,0.379025,0.539301,0.261342,0.199357,A,H
2020/2021,2021-04-04,Club America,Necaxa,2,1,H,0.633238,0.211905,0.154857,0.590543,0.244897,0.16456,H,H
2020/2021,2021-04-04,Monterrey,Atl. San Luis,2,0,H,0.617359,0.219053,0.163588,0.646948,0.216652,0.136399,H,H
2020/2021,2021-04-04,UNAM Pumas,Pachuca,2,2,D,0.502707,0.279214,0.21808,0.259358,0.300222,0.44042,H,A
2020/2021,2021-04-04,Guadalajara Chivas,Santos Laguna,1,1,D,0.439881,0.295927,0.264192,0.381,0.298227,0.320773,H,H
2020/2021,2021-04-05,Club Leon,Toluca,2,1,H,0.626324,0.231793,0.141883,0.615971,0.224527,0.159502,H,H
2020/2021,2021-04-05,Queretaro,Tigres UANL,0,1,A,0.255405,0.273712,0.470884,0.278882,0.286581,0.434537,A,A
2020/2021,2021-04-10,Necaxa,UNAM Pumas,0,1,A,0.428892,0.302919,0.268189,0.411535,0.293769,0.294696,H,H
2020/2021,2021-04-10,Juarez,Atl. San Luis,2,1,H,0.428753,0.245664,0.325583,0.404483,0.290172,0.305345,H,H
2020/2021,2021-04-10,Atlas,Club Leon,1,3,A,0.260727,0.315639,0.423635,0.434066,0.289827,0.276107,A,H
2020/2021,2021-04-11,Cruz Azul,Guadalajara Chivas,1,0,H,0.579078,0.231464,0.189458,0.526505,0.270905,0.20259,H,H
2020/2021,2021-04-11,Tigres UANL,Club America,1,3,A,0.478127,0.323641,0.198232,0.417425,0.291287,0.291287,H,H
2020/2021,2021-04-11,Toluca,Monterrey,1,2,A,0.292675,0.32224,0.385085,0.238871,0.270814,0.490315,A,A
2020/2021,2021-04-12,Queretaro,Santos Laguna,1,0,H,0.296378,0.309322,0.394299,0.372829,0.289464,0.337707,A,H
2020/2021,2021-04-12,Club Tijuana,Mazatlan FC,2,3,A,0.427582,0.268349,0.304069,0.503292,0.266702,0.230006,H,H
2020/2021,2021-04-13,Pachuca,Puebla,1,3,A,0.408173,0.285082,0.306745,0.469576,0.290204,0.24022,H,H
2020/2021,2021-04-15,Juarez,Tigres UANL,2,3,A,0.339362,0.278242,0.382396,0.232033,0.285961,0.482006,A,A
2020/2021,2021-04-17,Necaxa,Queretaro,0,0,D,0.483719,0.264143,0.252139,0.37223,0.289256,0.338514,H,H
2020/2021,2021-04-17,Mazatlan FC,Atlas,0,0,D,0.46059,0.284685,0.254725,0.266859,0.29464,0.438501,H,A
2020/2021,2021-04-17,Atl. San Luis,Puebla,1,4,A,0.250208,0.283511,0.466281,0.322022,0.298359,0.379619,A,A
2020/2021,2021-04-18,Guadalajara Chivas,Club Tijuana,2,0,H,0.484351,0.248466,0.267183,0.523891,0.264172,0.211938,H,H
2020/2021,2021-04-18,Club America,Cruz Azul,1,1,D,0.613198,0.275075,0.111727,0.344218,0.314085,0.341697,H,H
2020/2021,2021-04-18,UNAM Pumas,Tigres UANL,0,0,D,0.451363,0.270728,0.277909,0.28372,0.288098,0.428182,H,A
2020/2021,2021-04-19,Monterrey,Pachuca,0,1,A,0.571155,0.257593,0.171252,0.598216,0.232723,0.169061,H,H
2020/2021,2021-04-19,Santos Laguna,Toluca,3,1,H,0.486824,0.241176,0.272,0.530232,0.25019,0.219578,H,H
2020/2021,2021-04-20,Club Leon,Juarez,2,0,H,0.610603,0.225478,0.163919,0.68702,0.190683,0.122297,H,H
2020/2021,2021-04-22,Monterrey,Guadalajara Chivas,1,2,A,0.539945,0.25331,0.206745,0.60237,0.236373,0.161256,H,H
2020/2021,2021-04-24,Puebla,UNAM Pumas,0,0,D,0.497576,0.308726,0.193698,0.497159,0.270916,0.231925,H,H
2020/2021,2021-04-24,Club Tijuana,Necaxa,1,0,H,0.401379,0.279913,0.318709,0.487993,0.257403,0.254605,H,H
2020/2021,2021-04-24,Mazatlan FC,Club Leon,4,3,H,0.302985,0.348417,0.348598,0.239628,0.253915,0.506457,A,A
2020/2021,2021-04-24,Cruz Azul,Atl. San Luis,3,2,H,0.691139,0.169729,0.139132,0.642997,0.219893,0.13711,H,H
2020/2021,2021-04-25,Tigres UANL,Monterrey,2,1,H,0.471257,0.276948,0.251795,0.33734,0.294773,0.367887,H,A
2020/2021,2021-04-25,Atlas,Guadalajara Chivas,0,1,A,0.345546,0.29449,0.359964,0.418722,0.298323,0.282955,A,H
2020/2021,2021-04-25,Toluca,Club America,3,1,H,0.32023,0.362133,0.317637,0.30825,0.289164,0.402586,D,A
2020/2021,2021-04-26,Queretaro,Juarez,1,0,H,0.379057,0.256518,0.364425,0.55736,0.248373,0.194267,H,H
2020/2021,2021-04-27,Pachuca,Santos Laguna,1,0,H,0.396683,0.294078,0.309239,0.426159,0.279428,0.294413,H,H
2020/2021,2021-04-30,Atl. San Luis,Pachuca,1,5,A,0.342381,0.321838,0.335782,0.253124,0.271466,0.47541,H,A
2020/2021,2021-05-01,Necaxa,Atlas,1,5,A,0.455165,0.255091,0.289744,0.248421,0.300342,0.451238,H,A
2020/2021,2021-05-01,Juarez,Toluca,1,0,H,0.29012,0.254777,0.455103,0.369373,0.267004,0.363624,A,H
2020/2021,2021-05-01,Club Leon,Queretaro,2,1,H,0.666967,0.222182,0.110851,0.533223,0.258487,0.20829,H,H
2020/2021,2021-05-01,Guadalajara Chivas,Tigres UANL,0,0,D,0.504007,0.280499,0.215494,0.395086,0.32288,0.282034,H,H
2020/2021,2021-05-02,Cruz Azul,Club Tijuana,1,1,D,0.660429,0.207765,0.131806,0.530036,0.249429,0.220535,H,H
2020/2021,2021-05-02,Monterrey,Mazatlan FC,1,0,H,0.553854,0.246952,0.199194,0.693567,0.190696,0.115737,H,H
2020/2021,2021-05-03,Santos Laguna,Puebla,0,0,D,0.435959,0.296112,0.267929,0.570173,0.250693,0.179135,H,H
2020/2021,2021-05-03,UNAM Pumas,Club America,0,1,A,0.402641,0.301789,0.295569,0.375729,0.302772,0.3215,H,H
2020/2021,2021-05-09,Atlas,Tigres UANL,1,0,H,0.355494,0.308929,0.335577,0.458799,0.30239,0.238811,H,H
2020/2021,2021-05-09,Santos Laguna,Queretaro,5,0,H,0.611342,0.239932,0.148725,0.54916,0.265975,0.184866,H,H
2020/2021,2021-05-10,Club Leon,Toluca,2,2,D,0.568033,0.235796,0.196171,0.623794,0.223315,0.152891,H,H
2020/2021,2021-05-10,Pachuca,Guadalajara Chivas,4,2,H,0.496968,0.304822,0.19821,0.420445,0.305029,0.274526,H,H
2020/2021,2021-05-13,Toluca,Cruz Azul,2,1,H,0.371666,0.339721,0.288613,0.276313,0.286515,0.437171,H,A
2020/2021,2021-05-13,Atlas,Puebla,1,0,H,0.329484,0.32768,0.342836,0.506115,0.29011,0.203775,A,H
2020/2021,2021-05-14,Santos Laguna,Monterrey,2,1,H,0.525585,0.271547,0.202868,0.35257,0.30139,0.34604,H,H
2020/2021,2021-05-14,Pachuca,Club America,3,1,H,0.414121,0.32139,0.264488,0.374895,0.302099,0.323006,H,H
2020/2021,2021-05-16,Puebla,Atlas,1,0,H,0.49814,0.292758,0.209102,0.339254,0.323941,0.336805,H,H
2020/2021,2021-05-16,Cruz Azul,Toluca,3,1,H,0.625708,0.22572,0.148572,0.671295,0.212068,0.116637,H,H
2020/2021,2021-05-17,Monterrey,Santos Laguna,1,1,D,0.418355,0.311651,0.269995,0.568102,0.24137,0.190529,H,H
2020/2021,2021-05-17,Club America,Pachuca,4,2,H,0.544559,0.291757,0.163684,0.508066,0.26558,0.226354,H,H
2020/2021,2021-05-20,Pachuca,Cruz Azul,0,0,D,0.376626,0.323476,0.299899,0.338143,0.306999,0.354858,H,A
2020/2021,2021-05-21,Santos Laguna,Puebla,3,0,H,0.533875,0.282272,0.183853,0.571297,0.259391,0.169312,H,H
2020/2021,2021-05-23,Cruz Azul,Pachuca,1,0,H,0.508946,0.275899,0.215155,0.51511,0.275843,0.209047,H,H
2020/2021,2021-05-24,Puebla,Santos Laguna,1,0,H,0.31738,0.314968,0.367653,0.415453,0.287227,0.297321,A,H
2020/2021,2021-05-28,Santos Laguna,Cruz Azul,0,1,A,0.442337,0.316446,0.241217,0.372926,0.332969,0.294105,H,H
2020/2021,2021-05-31,Cruz Azul,Santos Laguna,1,1,D,0.584551,0.248474,0.166975,0.482564,0.278015,0.239421,H,H
2021/2022,2021-07-23,Queretaro,Club America,0,0,D,0.206271,0.276177,0.517551,0.255273,0.296472,0.448255,A,A
2021/2022,2021-07-24,Necaxa,Santos Laguna,0,3,A,0.288613,0.269961,0.441425,0.332244,0.300195,0.367561,A,A
2021/2022,2021-07-24,Juarez,Toluca,1,3,A,0.352254,0.284176,0.36357,0.374448,0.291367,0.334185,A,H
2021/2022,2021-07-24,Pachuca,Club Leon,4,0,H,0.381359,0.309693,0.308948,0.413651,0.275767,0.310582,H,H
2021/2022,2021-07-25,Guadalajara Chivas,Atl. San Luis,1,2,A,0.618232,0.205118,0.176651,0.513496,0.289338,0.197165,H,H
2021/2022,2021-07-25,UNAM Pumas,Atlas,0,0,D,0.518368,0.2601,0.221532,0.270919,0.29027,0.438812,H,A
2021/2022,2021-07-26,Monterrey,Puebla,1,1,D,0.588208,0.241622,0.17017,0.543618,0.261179,0.195203,H,H
2021/2022,2021-07-26,Club Tijuana,Tigres UANL,1,2,A,0.346199,0.294524,0.359277,0.386359,0.297767,0.315874,A,H
2021/2022,2021-07-27,Cruz Azul,Mazatlan FC,0,2,A,0.666839,0.208104,0.125056,0.661203,0.219881,0.118915,H,H
2021/2022,2021-07-31,Club Leon,Club Tijuana,2,1,H,0.627751,0.221795,0.150455,0.607114,0.230285,0.162601,H,H
2021/2022,2021-07-31,Mazatlan FC,Pachuca,2,1,H,0.289984,0.308859,0.401156,0.271395,0.301065,0.42754,A,A
2021/2022,2021-07-31,Puebla,Guadalajara Chivas,0,2,A,0.458378,0.268032,0.27359,0.456126,0.301631,0.242243,H,H
2021/2022,2021-08-01,Club America,Necaxa,2,1,H,0.726294,0.172137,0.101569,0.611802,0.236977,0.151221,H,H
2021/2022,2021-08-01,Monterrey,UNAM Pumas,2,0,H,0.534809,0.259148,0.206043,0.658115,0.21191,0.129975,H,H
2021/2022,2021-08-01,Atlas,Juarez,2,0,H,0.46367,0.263657,0.272673,0.640072,0.227374,0.132554,H,H
2021/2022,2021-08-01,Toluca,Tigres UANL,3,1,H,0.409298,0.306233,0.284469,0.44671,0.278694,0.274596,H,H
2021/2022,2021-08-02,Santos Laguna,Cruz Azul,1,1,D,0.499417,0.284614,0.21597,0.444473,0.2926,0.262928,H,H
2021/2022,2021-08-03,Atl. San Luis,Queretaro,1,1,D,0.39972,0.281889,0.318391,0.409618,0.308228,0.282154,H,H
2021/2022,2021-08-06,Queretaro,Club Leon,0,1,A,0.271399,0.276464,0.452137,0.275409,0.282897,0.441694,A,A
2021/2022,2021-08-07,Guadalajara Chivas,Juarez,2,2,D,0.613969,0.219566,0.166465,0.526684,0.282379,0.190937,H,H
2021/2022,2021-08-07,Club Tijuana,Toluca,0,2,A,0.342916,0.290009,0.367075,0.472836,0.271367,0.255797,A,H
2021/2022,2021-08-07,Mazatlan FC,Monterrey,1,1,D,0.371572,0.310865,0.317563,0.276423,0.285693,0.437884,H,A
2021/2022,2021-08-07,Necaxa,Cruz Azul,1,2,A,0.279425,0.289667,0.430908,0.302587,0.304558,0.392855,A,A
2021/2022,2021-08-08,Club America,Puebla,2,0,H,0.680445,0.211553,0.108001,0.503746,0.27886,0.217394,H,H
2021/2022,2021-08-08,Tigres UANL,Santos Laguna,1,1,D,0.41048,0.27906,0.31046,0.439416,0.296189,0.264395,H,H
2021/2022,2021-08-08,UNAM Pumas,Atl. San Luis,1,3,A,0.631563,0.19235,0.176087,0.401398,0.296907,0.301696,H,H
2021/2022,2021-08-10,Pachuca,Atlas,0,1,A,0.632101,0.236542,0.131357,0.364581,0.323094,0.312325,H,H
2021/2022,2021-08-13,Atl. San Luis,Necaxa,0,2,A,0.375152,0.265875,0.358973,0.339828,0.289327,0.370844,H,A
2021/2022,2021-08-14,UNAM Pumas,Queretaro,0,0,D,0.560877,0.216359,0.222764,0.350261,0.309668,0.340071,H,H
2021/2022,2021-08-14,Juarez,Club Tijuana,1,1,D,0.413132,0.262613,0.324255,0.339237,0.30203,0.358733,H,A
2021/2022,2021-08-14,Puebla,Tigres UANL,1,1,D,0.39461,0.267942,0.337449,0.382001,0.302881,0.315118,H,H
2021/2022,2021-08-15,Club Leon,Mazatlan FC,3,0,H,0.570006,0.257972,0.172023,0.5908,0.240248,0.168952,H,H
2021/2022,2021-08-15,Cruz Azul,Toluca,4,0,H,0.618099,0.238317,0.143584,0.465952,0.294517,0.239531,H,H
2021/2022,2021-08-15,Monterrey,Pachuca,3,1,H,0.435947,0.271897,0.292155,0.515873,0.271433,0.212695,H,H
2021/2022,2021-08-15,Atlas,Club America,0,1,A,0.274028,0.308292,0.41768,0.391329,0.311758,0.296913,A,H
2021/2022,2021-08-16,Santos Laguna,Guadalajara Chivas,0,0,D,0.501989,0.25668,0.241331,0.455798,0.287503,0.256699,H,H
2021/2022,2021-08-17,Toluca,Mazatlan FC,2,2,D,0.477356,0.285231,0.237412,0.554463,0.24659,0.198947,H,H
2021/2022,2021-08-18,Club Tijuana,Puebla,1,1,D,0.391432,0.273302,0.335266,0.471013,0.282324,0.246662,H,H
2021/2022,2021-08-18,Necaxa,UNAM Pumas,3,0,H,0.359243,0.269208,0.371549,0.520454,0.261681,0.217865,A,H
2021/2022,2021-08-18,Tigres UANL,Queretaro,3,0,H,0.642552,0.207686,0.149762,0.529254,0.273113,0.197633,H,H
2021/2022,2021-08-19,Cruz Azul,Monterrey,1,1,D,0.584506,0.254279,0.161214,0.424958,0.296796,0.278246,H,H
2021/2022,2021-08-19,Santos Laguna,Atlas,1,1,D,0.599045,0.240948,0.160007,0.368551,0.315192,0.316257,H,H
2021/2022,2021-08-19,Guadalajara Chivas,Club Leon,0,3,A,0.450137,0.294454,0.255409,0.359403,0.28664,0.353957,H,H
2021/2022,2021-08-19,Juarez,Club America,1,2,A,0.23982,0.324046,0.436134,0.234598,0.285379,0.480023,A,A
2021/2022,2021-08-21,Mazatlan FC,Tigres UANL,0,3,A,0.341237,0.303921,0.354843,0.304098,0.29734,0.398562,A,A
2021/2022,2021-08-21,Atlas,Toluca,0,0,D,0.420196,0.285974,0.29383,0.54076,0.263525,0.195714,H,H
2021/2022,2021-08-22,Club America,Club Tijuana,2,0,H,0.665171,0.201483,0.133347,0.655324,0.209645,0.135031,H,H
2021/2022,2021-08-22,UNAM Pumas,Puebla,2,0,H,0.417487,0.25013,0.332383,0.320264,0.308637,0.371099,H,A
2021/2022,2021-08-22,Atl. San Luis,Cruz Azul,0,0,D,0.151917,0.285771,0.562312,0.274232,0.302632,0.423136,A,A
2021/2022,2021-08-22,Monterrey,Guadalajara Chivas,0,0,D,0.517695,0.263711,0.218594,0.597138,0.242878,0.159984,H,H
2021/2022,2021-08-22,Club Leon,Santos Laguna,1,1,D,0.50123,0.28379,0.214979,0.482049,0.271853,0.246098,H,H
2021/2022,2021-08-23,Necaxa,Juarez,1,0,H,0.432578,0.25906,0.308363,0.550845,0.257263,0.191893,H,H
2021/2022,2021-08-23,Queretaro,Pachuca,0,2,A,0.265214,0.25238,0.482407,0.277384,0.301543,0.421073,A,A
2021/2022,2021-08-28,Mazatlan FC,Atl. San Luis,2,2,D,0.516382,0.259951,0.223667,0.395743,0.306507,0.29775,H,H
2021/2022,2021-08-28,Puebla,Queretaro,1,0,H,0.556496,0.221994,0.22151,0.431953,0.299469,0.268578,H,H
2021/2022,2021-08-28,Club Tijuana,Monterrey,2,2,D,0.28807,0.293095,0.418835,0.236079,0.285742,0.47818,A,A
2021/2022,2021-08-28,Guadalajara Chivas,Necaxa,2,1,H,0.509262,0.263551,0.227186,0.466279,0.288376,0.245346,H,H
2021/2022,2021-08-29,Toluca,UNAM Pumas,2,1,H,0.488838,0.264464,0.246697,0.526397,0.256708,0.216895,H,H
2021/2022,2021-08-29,Tigres UANL,Atlas,1,1,D,0.606433,0.248036,0.145531,0.377601,0.316369,0.30603,H,H
2021/2022,2021-08-29,Club Leon,Club America,1,1,D,0.515859,0.313999,0.170142,0.379266,0.287358,0.333376,H,H
2021/2022,2021-08-30,Santos Laguna,Juarez,2,0,H,0.610553,0.209417,0.180031,0.645613,0.2157,0.138687,H,H
2021/2022,2021-08-30,Cruz Azul,Pachuca,1,1,D,0.558365,0.252213,0.189422,0.398518,0.306051,0.295431,H,H
2021/2022,2021-09-11,Puebla,Atl. San Luis,2,2,D,0.530117,0.242474,0.227409,0.376278,0.307191,0.316531,H,H
2021/2022,2021-09-11,Juarez,Cruz Azul,2,1,H,0.203932,0.289698,0.50637,0.295707,0.323239,0.381054,A,A
2021/2022,2021-09-11,Club Tijuana,Santos Laguna,2,1,H,0.282754,0.29103,0.426216,0.409325,0.282335,0.30834,A,H
2021/2022,2021-09-11,Atlas,Monterrey,2,1,H,0.341187,0.284185,0.374628,0.473914,0.293797,0.232288,A,H
2021/2022,2021-09-12,UNAM Pumas,Guadalajara Chivas,0,0,D,0.429564,0.273502,0.296934,0.24704,0.304978,0.447982,H,A
2021/2022,2021-09-12,Tigres UANL,Club Leon,2,2,D,0.41842,0.319145,0.262435,0.439038,0.275856,0.285107,H,H
2021/2022,2021-09-12,Club America,Mazatlan FC,2,0,H,0.674275,0.201367,0.124358,0.624348,0.236496,0.139156,H,H
2021/2022,2021-09-13,Queretaro,Necaxa,3,0,H,0.367121,0.271374,0.361505,0.329351,0.320328,0.350321,H,A
2021/2022,2021-09-14,Pachuca,Toluca,1,2,A,0.557869,0.249128,0.193003,0.506881,0.26716,0.225959,H,H
2021/2022,2021-09-17,Atl. San Luis,Club Tijuana,4,1,H,0.382067,0.285717,0.332216,0.445994,0.300188,0.253818,H,H
2021/2022,2021-09-18,Necaxa,Atlas,0,3,A,0.354807,0.299156,0.346038,0.307211,0.326546,0.366243,H,A
2021/2022,2021-09-18,Club Leon,Juarez,0,1,A,0.708635,0.191495,0.09987,0.670452,0.20539,0.124158,H,H
2021/2022,2021-09-19,Toluca,Club America,3,1,H,0.340614,0.333174,0.326212,0.283708,0.28285,0.433442,H,A
2021/2022,2021-09-19,Guadalajara Chivas,Pachuca,1,0,H,0.434628,0.256698,0.308674,0.326673,0.322183,0.351143,H,A
2021/2022,2021-09-19,Mazatlan FC,UNAM Pumas,2,2,D,0.434181,0.2669,0.298919,0.463936,0.299409,0.236654,H,H
2021/2022,2021-09-20,Cruz Azul,Queretaro,2,0,H,0.715866,0.182889,0.101245,0.597832,0.250292,0.151876,H,H
2021/2022,2021-09-20,Monterrey,Tigres UANL,2,0,H,0.399097,0.298386,0.302517,0.421008,0.302472,0.27652,H,H
2021/2022,2021-09-20,Santos Laguna,Puebla,1,1,D,0.550765,0.246909,0.202325,0.592968,0.234809,0.172222,H,H
2021/2022,2021-09-22,Juarez,Atl. San Luis,1,0,H,0.37549,0.271941,0.352569,0.301877,0.316155,0.381967,H,A
2021/2022,2021-09-23,Monterrey,Toluca,2,0,H,0.525276,0.273159,0.201565,0.632517,0.217703,0.14978,H,H
2021/2022,2021-09-24,Pachuca,Necaxa,1,0,H,0.602841,0.225794,0.171364,0.544443,0.273015,0.182542,H,H
2021/2022,2021-09-25,Atlas,Club Leon,2,0,H,0.299093,0.300847,0.40006,0.408645,0.294276,0.297079,A,H
2021/2022,2021-09-25,Puebla,Cruz Azul,1,1,D,0.316845,0.294145,0.38901,0.269849,0.312126,0.418025,A,A
2021/2022,2021-09-25,Club Tijuana,Mazatlan FC,0,0,D,0.343312,0.268278,0.388409,0.567248,0.249589,0.183162,A,H
2021/2022,2021-09-26,Tigres UANL,UNAM Pumas,0,0,D,0.563405,0.250575,0.186021,0.665032,0.209775,0.125193,H,H
2021/2022,2021-09-26,Club America,Guadalajara Chivas,0,0,D,0.672273,0.219274,0.108453,0.570995,0.267552,0.161454,H,H
2021/2022,2021-09-26,Toluca,Atl. San Luis,1,2,A,0.490826,0.265825,0.243349,0.429208,0.279305,0.291487,H,H
2021/2022,2021-09-27,Santos Laguna,Monterrey,1,2,A,0.45374,0.284128,0.262132,0.329726,0.303049,0.367224,H,A
2021/2022,2021-09-28,Necaxa,Club Tijuana,3,0,H,0.424298,0.255269,0.320433,0.492736,0.277804,0.22946,H,H
2021/2022,2021-09-29,Mazatlan FC,Juarez,3,1,H,0.545185,0.255319,0.199496,0.391365,0.31815,0.290485,H,H
2021/2022,2021-09-29,Atlas,Puebla,0,1,A,0.463585,0.283645,0.25277,0.563226,0.271002,0.165772,H,H
2021/2022,2021-09-29,Pachuca,Club America,1,1,D,0.345406,0.30322,0.351374,0.323492,0.30552,0.370988,A,A
2021/2022,2021-09-29,Atl. San Luis,Tigres UANL,0,3,A,0.271046,0.310961,0.417993,0.390199,0.294489,0.315312,A,H
2021/2022,2021-09-30,Queretaro,Guadalajara Chivas,1,0,H,0.351578,0.299375,0.349047,0.287129,0.305896,0.406975,H,A
2021/2022,2021-10-02,Puebla,Pachuca,1,2,A,0.423673,0.28178,0.294547,0.309039,0.299166,0.391795,H,A
2021/2022,2021-10-02,Juarez,Monterrey,3,1,H,0.247467,0.307444,0.445089,0.2234,0.291603,0.484997,A,A
2021/2022,2021-10-02,Club Leon,Atl. San Luis,0,0,D,0.678503,0.194471,0.127026,0.564281,0.249124,0.186595,H,H
2021/2022,2021-10-03,Toluca,Queretaro,1,1,D,0.532537,0.262892,0.204571,0.532789,0.259753,0.207458,H,H
2021/2022,2021-10-03,Club America,UNAM Pumas,2,0,H,0.652414,0.211775,0.135811,0.598245,0.254538,0.147217,H,H
2021/2022,2021-10-03,Santos Laguna,Mazatlan FC,1,0,H,0.52326,0.253283,0.223457,0.647044,0.215187,0.13777,H,H
2021/2022,2021-10-03,Guadalajara Chivas,Atlas,0,1,A,0.470523,0.278229,0.251248,0.323195,0.334738,0.342068,H,A
2021/2022,2021-10-04,Tigres UANL,Necaxa,0,0,D,0.628512,0.21171,0.159778,0.492559,0.286197,0.221244,H,H
2021/2022,2021-10-04,Club Tijuana,Cruz Azul,0,1,A,0.198691,0.283443,0.517866,0.334355,0.306949,0.358695,A,A
2021/2022,2021-10-09,Juarez,Queretaro,0,0,D,0.38522,0.303416,0.311364,0.429983,0.316676,0.253341,H,H
2021/2022,2021-10-15,Queretaro,Club Tijuana,1,1,D,0.500328,0.25265,0.247022,0.400384,0.300288,0.299328,H,H
2021/2022,2021-10-16,Necaxa,Puebla,0,1,A,0.334282,0.276451,0.389267,0.459032,0.289915,0.251053,A,H
2021/2022,2021-10-16,Mazatlan FC,Atlas,1,0,H,0.428272,0.301631,0.270097,0.242625,0.308286,0.449089,H,A
2021/2022,2021-10-16,Monterrey,Club Leon,0,1,A,0.42206,0.282672,0.295268,0.493753,0.265112,0.241135,H,H
2021/2022,2021-10-17,Guadalajara Chivas,Toluca,2,0,H,0.477594,0.25447,0.267936,0.437473,0.287176,0.275351,H,H
2021/2022,2021-10-17,UNAM Pumas,Juarez,1,0,H,0.555824,0.25067,0.193506,0.44933,0.296701,0.253969,H,H
2021/2022,2021-10-17,Atl. San Luis,Club America,0,1,A,0.208937,0.302558,0.488504,0.301496,0.302472,0.396033,A,A
2021/2022,2021-10-17,Pachuca,Santos Laguna,1,1,D,0.446607,0.278932,0.274461,0.476985,0.2833,0.239715,H,H
2021/2022,2021-10-17,Cruz Azul,Tigres UANL,1,1,D,0.550045,0.253962,0.195993,0.482209,0.289624,0.228167,H,H
2021/2022,2021-10-19,Queretaro,Monterrey,1,0,H,0.325207,0.294858,0.379935,0.232679,0.285173,0.482148,A,A
2021/2022,2021-10-20,Puebla,Mazatlan FC,2,0,H,0.477889,0.275735,0.246376,0.599842,0.246251,0.153907,H,H
2021/2022,2021-10-20,Club America,Santos Laguna,2,1,H,0.605006,0.228189,0.166805,0.546865,0.262679,0.190456,H,H
2021/2022,2021-10-20,Atlas,Cruz Azul,0,0,D,0.343799,0.308185,0.348016,0.347876,0.324926,0.327198,A,H
2021/2022,2021-10-21,Club Tijuana,Guadalajara Chivas,0,0,D,0.316867,0.2851,0.398032,0.383828,0.310113,0.306059,A,H
2021/2022,2021-10-21,Toluca,Necaxa,1,1,D,0.53363,0.243823,0.222547,0.463098,0.265755,0.271147,H,H
2021/2022,2021-10-21,Club Leon,UNAM Pumas,1,2,A,0.629158,0.217778,0.153064,0.592359,0.243731,0.16391,H,H
2021/2022,2021-10-21,Tigres UANL,Pachuca,3,0,H,0.545964,0.255064,0.198972,0.542013,0.259746,0.198241,H,H
2021/2022,2021-10-23,Mazatlan FC,Queretaro,2,1,H,0.497867,0.273707,0.228426,0.35855,0.329512,0.311938,H,H
2021/2022,2021-10-23,Puebla,Club Leon,0,1,A,0.392711,0.28807,0.319219,0.321129,0.291117,0.387754,H,A
2021/2022,2021-10-23,Monterrey,Necaxa,0,1,A,0.536052,0.24847,0.215478,0.558049,0.254071,0.18788,H,H
2021/2022,2021-10-24,Club America,Tigres UANL,1,0,H,0.544772,0.268517,0.186711,0.449578,0.299719,0.250703,H,H
2021/2022,2021-10-24,Guadalajara Chivas,Cruz Azul,1,1,D,0.415772,0.288002,0.296226,0.297153,0.323887,0.37896,H,A
2021/2022,2021-10-24,UNAM Pumas,Club Tijuana,3,1,H,0.539912,0.243471,0.216617,0.516778,0.271121,0.212101,H,H
2021/2022,2021-10-25,Atl. San Luis,Atlas,2,6,A,0.33697,0.285456,0.377574,0.304684,0.327056,0.36826,A,A
2021/2022,2021-10-25,Santos Laguna,Toluca,2,2,D,0.510678,0.243194,0.246128,0.586232,0.227663,0.186105,H,H
2021/2022,2021-10-25,Pachuca,Juarez,1,1,D,0.536766,0.255095,0.208138,0.611379,0.243596,0.145025,H,H
2021/2022,2021-10-29,Atlas,Club Tijuana,0,2,A,0.596292,0.224556,0.179152,0.638391,0.227885,0.133723,H,H
2021/2022,2021-10-30,Necaxa,Mazatlan FC,2,1,H,0.433684,0.289401,0.276915,0.563248,0.262638,0.174114,H,H
2021/2022,2021-10-30,Juarez,Puebla,0,2,A,0.403767,0.296011,0.300222,0.39094,0.31889,0.29017,H,H
2021/2022,2021-10-30,Queretaro,Santos Laguna,2,3,A,0.310385,0.27837,0.411246,0.309656,0.300694,0.38965,A,A
2021/2022,2021-10-31,Tigres UANL,Guadalajara Chivas,2,1,H,0.522723,0.263663,0.213613,0.519049,0.291055,0.189896,H,H
2021/2022,2021-10-31,Cruz Azul,Club America,2,1,H,0.52741,0.283034,0.189556,0.422496,0.323085,0.254419,H,H
2021/2022,2021-10-31,Pachuca,UNAM Pumas,1,1,D,0.512474,0.273788,0.213738,0.517912,0.270215,0.211873,H,H
2021/2022,2021-10-31,Toluca,Club Leon,0,0,D,0.440968,0.283177,0.275855,0.324394,0.278052,0.397555,H,A
2021/2022,2021-11-01,Atl. San Luis,Monterrey,1,1,D,0.265216,0.269148,0.465636,0.278155,0.291153,0.430692,A,A
2021/2022,2021-11-04,Pachuca,Atl. San Luis,0,0,D,0.600078,0.215141,0.184781,0.580861,0.256215,0.162924,H,H
2021/2022,2021-11-04,Cruz Azul,Club Leon,0,1,A,0.568903,0.257159,0.173938,0.435766,0.314395,0.249839,H,H
2021/2022,2021-11-05,UNAM Pumas,Santos Laguna,0,3,A,0.395779,0.298087,0.306134,0.394497,0.288568,0.316935,H,H
2021/2022,2021-11-05,Atlas,Queretaro,2,0,H,0.512922,0.258435,0.228642,0.580947,0.251432,0.167621,H,H
2021/2022,2021-11-06,Puebla,Toluca,1,0,H,0.450518,0.271002,0.278479,0.44335,0.287837,0.268813,H,H
2021/2022,2021-11-06,Mazatlan FC,Guadalajara Chivas,0,1,A,0.35302,0.281381,0.365598,0.277269,0.339781,0.38295,A,A
2021/2022,2021-11-06,Club Leon,Necaxa,3,0,H,0.644899,0.221214,0.133887,0.497956,0.278618,0.223426,H,H
2021/2022,2021-11-07,Club Tijuana,Pachuca,3,2,H,0.341745,0.27619,0.382065,0.343684,0.296769,0.359547,A,A
2021/2022,2021-11-07,Club America,Monterrey,0,0,D,0.590486,0.229738,0.179775,0.401026,0.300447,0.298527,H,H
2021/2022,2021-11-07,Tigres UANL,Juarez,3,0,H,0.612313,0.226845,0.160842,0.660052,0.21646,0.123488,H,H
2021/2022,2021-11-07,UNAM Pumas,Cruz Azul,4,3,H,0.311853,0.307717,0.38043,0.334355,0.306949,0.358695,A,A
2021/2022,2021-11-08,Santos Laguna,Atl. San Luis,0,0,D,0.638848,0.218829,0.142323,0.451785,0.294086,0.254129,H,H
2021/2022,2021-11-21,Puebla,Guadalajara Chivas,2,2,D,0.436764,0.295794,0.267442,0.360558,0.340891,0.298551,H,H
2021/2022,2021-11-21,Toluca,UNAM Pumas,1,2,A,0.485189,0.264399,0.250413,0.413009,0.297629,0.289362,H,H
2021/2022,2021-11-21,Santos Laguna,Atl. San Luis,2,0,H,0.626753,0.221408,0.151839,0.547668,0.261596,0.190736,H,H
2021/2022,2021-11-22,Cruz Azul,Monterrey,1,4,A,0.566409,0.236253,0.197338,0.391243,0.313782,0.294975,H,H
2021/2022,2021-11-25,Monterrey,Atlas,0,0,D,0.478831,0.266325,0.254844,0.468585,0.30828,0.223136,H,H
2021/2022,2021-11-25,UNAM Pumas,Club America,0,0,D,0.366338,0.335429,0.298233,0.289936,0.330917,0.379147,H,A
2021/2022,2021-11-26,Puebla,Club Leon,2,1,H,0.389311,0.318131,0.292558,0.345311,0.320477,0.334212,H,H
2021/2022,2021-11-26,Santos Laguna,Tigres UANL,2,1,H,0.41341,0.318466,0.268124,0.387041,0.322979,0.289981,H,H
2021/2022,2021-11-28,Club America,UNAM Pumas,1,3,A,0.660842,0.210204,0.128954,0.468887,0.294898,0.236215,H,H
2021/2022,2021-11-28,Atlas,Monterrey,1,1,D,0.403707,0.296333,0.29996,0.355754,0.318242,0.326004,H,H
2021/2022,2021-11-29,Tigres UANL,Santos Laguna,1,0,H,0.50176,0.300531,0.197709,0.475643,0.282234,0.242123,H,H
2021/2022,2021-11-29,Club Leon,Puebla,2,0,H,0.569306,0.260274,0.17042,0.561504,0.252073,0.186424,H,H
2021/2022,2021-12-02,Tigres UANL,Club Leon,2,1,H,0.440151,0.305008,0.25484,0.443072,0.292595,0.264333,H,H
2021/2022,2021-12-03,UNAM Pumas,Atlas,0,1,A,0.409896,0.301331,0.288774,0.321945,0.354996,0.323059,H,D
2021/2022,2021-12-05,Club Leon,Tigres UANL,2,1,H,0.538308,0.282236,0.179456,0.437951,0.280603,0.281446,H,H
2021/2022,2021-12-06,Atlas,UNAM Pumas,0,1,A,0.44513,0.28474,0.27013,0.451968,0.303757,0.244275,H,H
2021/2022,2021-12-10,Club Leon,Atlas,3,2,H,0.6113,0.247388,0.141312,0.39621,0.33276,0.27103,H,H
2021/2022,2021-12-13,Atlas,Club Leon,1,0,H,0.35998,0.292581,0.34744,0.43578,0.300297,0.263923,H,H
2021/2022,2022-01-07,Atl. San Luis,Pachuca,0,2,A,0.300813,0.26289,0.436297,0.338592,0.292035,0.369373,A,A
2021/2022,2022-01-08,Juarez,Necaxa,2,1,H,0.46049,0.257975,0.281535,0.318099,0.331635,0.350266,H,A
2021/2022,2022-01-08,Puebla,Club America,1,1,D,0.352237,0.301627,0.346136,0.336473,0.317083,0.346443,H,A
2021/2022,2022-01-09,Monterrey,Queretaro,0,0,D,0.591211,0.227577,0.181212,0.635616,0.230137,0.134247,H,H
2021/2022,2022-01-09,Cruz Azul,Club Tijuana,2,0,H,0.649532,0.217699,0.132769,0.548068,0.280598,0.171334,H,H
2021/2022,2022-01-10,Guadalajara Chivas,Mazatlan FC,3,0,H,0.577257,0.23866,0.184083,0.58122,0.267361,0.151418,H,H
2021/2022,2022-01-11,UNAM Pumas,Toluca,5,0,H,0.459635,0.265112,0.275254,0.418172,0.289107,0.292721,H,H
2021/2022,2022-01-13,Santos Laguna,Tigres UANL,1,1,D,0.447659,0.295114,0.257227,0.390689,0.303165,0.306146,H,H
2021/2022,2022-01-15,Queretaro,UNAM Pumas,1,3,A,0.266226,0.300771,0.433003,0.315314,0.310093,0.374593,A,A
2021/2022,2022-01-15,Necaxa,Monterrey,0,4,A,0.281747,0.29887,0.419383,0.265793,0.297014,0.437193,A,A
2021/2022,2022-01-15,Atlas,Atl. San Luis,1,0,H,0.578018,0.231163,0.19082,0.534087,0.285826,0.180087,H,H
2021/2022,2022-01-16,Pachuca,Guadalajara Chivas,2,1,H,0.417633,0.288458,0.293909,0.430615,0.292926,0.27646,H,H
2021/2022,2022-01-16,Club Tijuana,Club Leon,1,1,D,0.257276,0.306657,0.436067,0.383541,0.281033,0.335426,A,H
2021/2022,2022-01-16,Toluca,Santos Laguna,3,1,H,0.379722,0.286095,0.334183,0.316529,0.28478,0.398692,H,A
2021/2022,2022-01-16,Tigres UANL,Puebla,0,2,A,0.555871,0.255626,0.188504,0.600355,0.247112,0.152533,H,H
2021/2022,2022-01-16,Cruz Azul,Juarez,1,0,H,0.672483,0.203119,0.124398,0.548548,0.284248,0.167204,H,H
2021/2022,2022-01-20,Club Leon,Atlas,1,1,D,0.612763,0.242275,0.144962,0.391717,0.318437,0.289846,H,H
2021/2022,2022-01-21,Atl. San Luis,Juarez,0,1,A,0.417794,0.24821,0.333997,0.409463,0.323037,0.2675,H,H
2021/2022,2022-01-22,Mazatlan FC,Toluca,1,2,A,0.419568,0.2584,0.322032,0.414127,0.303513,0.282359,H,H
2021/2022,2022-01-22,Guadalajara Chivas,Queretaro,1,1,D,0.558048,0.232456,0.209496,0.480575,0.296916,0.22251,H,H
2021/2022,2022-01-23,Monterrey,Cruz Azul,2,2,D,0.455026,0.285447,0.259527,0.506797,0.289598,0.203604,H,H
2021/2022,2022-01-23,Club Leon,Pachuca,2,1,H,0.544874,0.261826,0.1933,0.390607,0.286365,0.323028,H,H
2021/2022,2022-01-23,Club America,Atlas,0,2,A,0.657968,0.206778,0.135254,0.394275,0.328794,0.276931,H,H
2021/2022,2022-01-23,UNAM Pumas,Tigres UANL,1,2,A,0.509798,0.289888,0.200315,0.336222,0.295662,0.368116,H,A
2021/2022,2022-01-24,Santos Laguna,Necaxa,1,4,A,0.664105,0.20675,0.129145,0.557209,0.257055,0.185736,H,H
2021/2022,2022-01-29,Puebla,Club Tijuana,3,1,H,0.584735,0.240872,0.174393,0.410679,0.316334,0.272988,H,H
2021/2022,2022-02-05,Necaxa,Pachuca,1,3,A,0.31574,0.298069,0.386191,0.338204,0.290039,0.371756,A,A
2021/2022,2022-02-06,Club America,Atl. San Luis,2,3,A,0.737741,0.158687,0.103573,0.570324,0.260538,0.169138,H,H
2021/2022,2022-02-06,Club Tijuana,UNAM Pumas,1,0,H,0.232841,0.304336,0.462824,0.426773,0.276518,0.296709,A,H
2021/2022,2022-02-06,Queretaro,Puebla,0,2,A,0.333918,0.297473,0.368609,0.352903,0.310696,0.336401,A,H
2021/2022,2022-02-07,Atlas,Santos Laguna,2,1,H,0.476942,0.266182,0.256876,0.437243,0.3119,0.250858,H,H
2021/2022,2022-02-07,Tigres UANL,Mazatlan FC,4,3,H,0.603523,0.221172,0.175305,0.650952,0.225872,0.123176,H,H
2021/2022,2022-02-08,Club Leon,Cruz Azul,0,1,A,0.486745,0.27135,0.241905,0.365795,0.309054,0.325151,H,H
2021/2022,2022-02-10,Juarez,Guadalajara Chivas,1,3,A,0.284387,0.287414,0.428199,0.322384,0.333898,0.343718,A,A
2021/2022,2022-02-12,Mazatlan FC,Club Tijuana,2,0,H,0.495141,0.256919,0.24794,0.316076,0.298909,0.385015,H,A
2021/2022,2022-02-12,Puebla,Atlas,1,1,D,0.542317,0.287671,0.170012,0.305659,0.337545,0.356796,H,A
2021/2022,2022-02-12,Atl. San Luis,Toluca,0,1,A,0.357796,0.270965,0.371239,0.479885,0.271239,0.248876,A,H
2021/2022,2022-02-12,Guadalajara Chivas,Tigres UANL,1,3,A,0.450201,0.291215,0.258584,0.365455,0.310819,0.323725,H,H
2021/2022,2022-02-13,Cruz Azul,Necaxa,1,2,A,0.648216,0.205447,0.146337,0.504097,0.290285,0.205618,H,H
2021/2022,2022-02-13,Santos Laguna,Club America,2,3,A,0.378307,0.259469,0.362224,0.401026,0.298527,0.300447,H,H
2021/2022,2022-02-13,UNAM Pumas,Club Leon,2,1,H,0.428992,0.296648,0.27436,0.397098,0.279747,0.323156,H,H
2021/2022,2022-02-15,Pachuca,Queretaro,2,2,D,0.578495,0.239447,0.182058,0.606618,0.235313,0.15807,H,H
2021/2022,2022-02-17,Mazatlan FC,Club America,2,1,H,0.274834,0.275141,0.450025,0.298298,0.303125,0.398577,A,A
2021/2022,2022-02-19,Puebla,Monterrey,1,0,H,0.418167,0.301881,0.279952,0.312953,0.303838,0.383208,H,A
2021/2022,2022-02-19,Juarez,Santos Laguna,0,0,D,0.280702,0.252471,0.466826,0.303352,0.315609,0.38104,A,A
2021/2022,2022-02-19,Club Tijuana,Necaxa,1,1,D,0.395705,0.262896,0.341399,0.524261,0.268122,0.207617,H,H
2021/2022,2022-02-19,Queretaro,Mazatlan FC,2,0,H,0.384925,0.267648,0.347427,0.478024,0.28478,0.237196,H,H
2021/2022,2022-02-20,Tigres UANL,Atl. San Luis,2,1,H,0.648249,0.216255,0.135496,0.626447,0.22534,0.148213,H,H
2021/2022,2022-02-20,Club Leon,Guadalajara Chivas,2,1,H,0.503443,0.258316,0.238241,0.414754,0.299471,0.285775,H,H
2021/2022,2022-02-20,Club America,Pachuca,1,3,A,0.569264,0.253761,0.176975,0.393153,0.293636,0.313212,H,H
2021/2022,2022-02-21,Atlas,UNAM Pumas,0,0,D,0.369514,0.304424,0.326062,0.482646,0.300107,0.217247,H,H
2021/2022,2022-02-21,Toluca,Cruz Azul,1,4,A,0.34964,0.318808,0.331552,0.307493,0.296789,0.395718,H,A
2021/2022,2022-02-25,Pachuca,Mazatlan FC,3,1,H,0.520865,0.269046,0.210089,0.660696,0.21371,0.125594,H,H
2021/2022,2022-02-25,Queretaro,Toluca,1,1,D,0.468415,0.277491,0.254095,0.422794,0.297026,0.28018,H,H
2021/2022,2022-02-26,Necaxa,Club Leon,0,1,A,0.293353,0.307864,0.398784,0.345078,0.300695,0.354228,A,A
2021/2022,2022-02-26,Juarez,Tigres UANL,2,3,A,0.293478,0.308782,0.39774,0.213561,0.282389,0.50405,A,A
2021/2022,2022-02-26,Club Tijuana,Atlas,2,0,H,0.311635,0.301222,0.387142,0.381006,0.316647,0.302347,A,H
2021/2022,2022-02-26,Monterrey,Atl. San Luis,0,2,A,0.618133,0.217706,0.16416,0.620949,0.232087,0.146964,H,H
2021/2022,2022-02-27,Guadalajara Chivas,Puebla,2,3,A,0.454592,0.305958,0.23945,0.410731,0.308048,0.281221,H,H
2021/2022,2022-02-27,UNAM Pumas,Club America,0,0,D,0.412673,0.265446,0.321882,0.335753,0.298328,0.365918,H,A
2021/2022,2022-02-28,Cruz Azul,Santos Laguna,1,2,A,0.55806,0.237403,0.204537,0.475522,0.29929,0.225187,H,H
2021/2022,2022-03-02,Mazatlan FC,Necaxa,0,0,D,0.390595,0.290173,0.319232,0.338072,0.316371,0.345557,H,A
2021/2022,2022-03-02,Club Leon,Monterrey,0,0,D,0.482387,0.266669,0.250944,0.328636,0.301162,0.370203,H,A
2021/2022,2022-03-02,Puebla,Juarez,1,1,D,0.590557,0.243243,0.1662,0.534816,0.280218,0.184966,H,H
2021/2022,2022-03-02,Toluca,Club Tijuana,1,2,A,0.500993,0.275202,0.223804,0.411228,0.293,0.295773,H,H
2021/2022,2022-03-02,Club America,Queretaro,1,1,D,0.63449,0.21888,0.14663,0.526957,0.280833,0.19221,H,H
2021/2022,2022-03-03,Atlas,Pachuca,0,1,A,0.397342,0.292097,0.31056,0.326373,0.324115,0.349512,H,A
2021/2022,2022-03-03,Tigres UANL,Cruz Azul,2,2,D,0.398182,0.32288,0.278938,0.558337,0.256286,0.185377,H,H
2021/2022,2022-03-03,Atl. San Luis,Guadalajara Chivas,2,2,D,0.266064,0.272956,0.46098,0.352387,0.32101,0.326603,A,H
2021/2022,2022-03-03,Santos Laguna,UNAM Pumas,3,2,H,0.449778,0.275031,0.275191,0.459792,0.282523,0.257686,H,H
2021/2022,2022-03-05,Necaxa,Toluca,0,1,A,0.427986,0.273379,0.298635,0.483708,0.289627,0.226665,H,H
2021/2022,2022-03-05,Juarez,Club Leon,0,1,A,0.30144,0.299128,0.399432,0.282268,0.315531,0.402201,A,A
2021/2022,2022-03-05,Queretaro,Atlas,0,3,A,0.362645,0.288803,0.348552,0.322418,0.336336,0.341246,H,A
2021/2022,2022-03-06,Monterrey,Club America,2,1,H,0.428975,0.27418,0.296845,0.514032,0.277608,0.20836,H,H
2021/2022,2022-03-06,Cruz Azul,Puebla,1,3,A,0.553951,0.274906,0.171144,0.425608,0.312113,0.262279,H,H
2021/2022,2022-03-06,Guadalajara Chivas,Santos Laguna,1,0,H,0.439972,0.285647,0.274381,0.385585,0.308215,0.3062,H,H
2021/2022,2022-03-12,Necaxa,Queretaro,1,0,H,0.435365,0.263201,0.301434,0.408739,0.318371,0.27289,H,H
2021/2022,2022-03-12,Juarez,Atlas,1,2,A,0.316796,0.279588,0.403616,0.247509,0.332948,0.419544,A,A
2021/2022,2022-03-12,Monterrey,Mazatlan FC,2,1,H,0.591049,0.232669,0.176282,0.645841,0.226748,0.127411,H,H
2021/2022,2022-03-12,Club Leon,Tigres UANL,0,3,A,0.467489,0.290783,0.241729,0.355814,0.289719,0.354467,H,H
2021/2022,2022-03-13,Atl. San Luis,Puebla,2,1,H,0.270067,0.32494,0.404993,0.351331,0.307559,0.34111,A,H
2021/2022,2022-03-13,Toluca,Pachuca,0,3,A,0.363567,0.312308,0.324125,0.246365,0.262193,0.491441,H,A
2021/2022,2022-03-13,Guadalajara Chivas,Club America,0,0,D,0.380697,0.272111,0.347192,0.363748,0.318126,0.318126,H,H
2021/2022,2022-03-13,Cruz Azul,UNAM Pumas,2,1,H,0.556074,0.253622,0.190304,0.429882,0.292857,0.277261,H,H
2021/2022,2022-03-14,Santos Laguna,Club Tijuana,4,0,H,0.575661,0.257327,0.167012,0.43978,0.291816,0.268404,H,H
2021/2022,2022-03-16,Monterrey,Juarez,3,0,H,0.522908,0.235875,0.241217,0.66433,0.219884,0.115786,H,H
2021/2022,2022-03-18,Queretaro,Atl. San Luis,2,1,H,0.397105,0.275705,0.32719,0.330627,0.321538,0.347835,H,A
2021/2022,2022-03-19,Puebla,Santos Laguna,2,2,D,0.474369,0.296966,0.228665,0.420095,0.30026,0.279645,H,H
2021/2022,2022-03-19,UNAM Pumas,Necaxa,1,3,A,0.570956,0.239934,0.189111,0.439498,0.290724,0.269778,H,H
2021/2022,2022-03-20,Club America,Toluca,3,0,H,0.635377,0.204581,0.160041,0.604386,0.236565,0.159049,H,H
2021/2022,2022-03-20,Pachuca,Cruz Azul,1,0,H,0.398465,0.310644,0.290892,0.485959,0.288585,0.225457,H,H
2021/2022,2022-03-20,Tigres UANL,Monterrey,2,0,H,0.561077,0.28385,0.155073,0.418852,0.295971,0.285176,H,H
2021/2022,2022-03-21,Atlas,Guadalajara Chivas,1,1,D,0.471573,0.262931,0.265495,0.402655,0.342404,0.254942,H,H
2021/2022,2022-03-21,Mazatlan FC,Club Leon,1,2,A,0.379668,0.303324,0.317008,0.288829,0.291528,0.419643,H,A
2021/2022,2022-03-21,Club Tijuana,Juarez,1,0,H,0.394373,0.255054,0.350573,0.592324,0.255006,0.152671,H,H
2021/2022,2022-03-26,UNAM Pumas,Mazatlan FC,1,1,D,0.551918,0.22179,0.226292,0.619352,0.23149,0.149158,H,H
2021/2022,2022-04-02,Atl. San Luis,Mazatlan FC,1,0,H,0.353993,0.276116,0.369891,0.529912,0.273453,0.196634,A,H
2021/2022,2022-04-03,Toluca,Puebla,2,1,H,0.307765,0.281372,0.410863,0.28534,0.28534,0.429319,A,A
2021/2022,2022-04-03,Club Leon,Queretaro,1,1,D,0.623783,0.218193,0.158024,0.48543,0.288271,0.226299,H,H
2021/2022,2022-04-03,Necaxa,Club America,0,1,A,0.282208,0.290666,0.427126,0.311855,0.317123,0.371022,A,A
2021/2022,2022-04-03,Cruz Azul,Atlas,1,0,H,0.530287,0.25841,0.211303,0.39833,0.323902,0.277768,H,H
2021/2022,2022-04-03,Juarez,UNAM Pumas,0,1,A,0.27921,0.249696,0.471094,0.321257,0.313736,0.365008,A,A
2021/2022,2022-04-04,Santos Laguna,Pachuca,3,1,H,0.446564,0.333161,0.220275,0.361403,0.285376,0.35322,H,H
2021/2022,2022-04-04,Tigres UANL,Club Tijuana,2,0,H,0.693322,0.217515,0.089163,0.603973,0.229451,0.166576,H,H
2021/2022,2022-04-07,Toluca,Monterrey,2,2,D,0.38976,0.297383,0.312857,0.256045,0.266956,0.476998,H,A
2021/2022,2022-04-07,Club Tijuana,Atl. San Luis,1,1,D,0.418079,0.292703,0.289218,0.494464,0.279802,0.225734,H,H
2021/2022,2022-04-08,Atlas,Necaxa,2,1,H,0.566711,0.250252,0.183037,0.471685,0.314984,0.21333,H,H
2021/2022,2022-04-08,Pachuca,Tigres UANL,2,1,H,0.370889,0.334832,0.294279,0.483234,0.264077,0.252689,H,H
2021/2022,2022-04-09,Puebla,UNAM Pumas,2,2,D,0.519273,0.253649,0.227077,0.520367,0.256619,0.223014,H,H
2021/2022,2022-04-09,Mazatlan FC,Cruz Azul,1,1,D,0.32204,0.28217,0.39579,0.39557,0.311462,0.292969,A,H
2021/2022,2022-04-09,Atl. San Luis,Club Leon,2,0,H,0.315694,0.314123,0.370183,0.314498,0.304254,0.381248,A,A
2021/2022,2022-04-10,Toluca,Guadalajara Chivas,1,1,D,0.360942,0.285343,0.353715,0.282873,0.295366,0.421761,H,A
2021/2022,2022-04-10,Monterrey,Santos Laguna,1,0,H,0.378601,0.31216,0.309238,0.529142,0.259441,0.211418,H,H
2021/2022,2022-04-10,Club America,Juarez,3,0,H,0.667343,0.192628,0.140029,0.714537,0.192602,0.092861,H,H
2021/2022,2022-04-11,Queretaro,Tigres UANL,0,1,A,0.217274,0.295743,0.486982,0.247922,0.289371,0.462707,A,A
2021/2022,2022-04-12,Pachuca,Club Tijuana,0,0,D,0.645208,0.225548,0.129243,0.674625,0.194954,0.130421,H,H
2021/2022,2022-04-14,Guadalajara Chivas,Monterrey,1,3,A,0.451176,0.288507,0.260317,0.392852,0.315874,0.291274,H,H
2021/2022,2022-04-15,Atlas,Mazatlan FC,1,2,A,0.512845,0.252552,0.234602,0.592518,0.265206,0.142276,H,H
2021/2022,2022-04-16,Necaxa,Atl. San Luis,4,2,H,0.463902,0.283128,0.25297,0.398731,0.31027,0.290999,H,H
2021/2022,2022-04-16,Juarez,Pachuca,1,2,A,0.27255,0.287381,0.44007,0.23278,0.277413,0.489807,A,A
2021/2022,2022-04-16,Club Tijuana,Club America,1,3,A,0.252931,0.296221,0.450848,0.287314,0.294542,0.418144,A,A
2021/2022,2022-04-16,Club Leon,Puebla,0,1,A,0.401918,0.267089,0.330993,0.450706,0.280679,0.268615,H,H
2021/2022,2022-04-17,Cruz Azul,Guadalajara Chivas,0,1,A,0.563543,0.245524,0.190933,0.403394,0.314351,0.282255,H,H
2021/2022,2022-04-17,UNAM Pumas,Monterrey,2,0,H,0.424628,0.294506,0.280866,0.351171,0.297659,0.351171,H,A
2021/2022,2022-04-17,Santos Laguna,Queretaro,1,1,D,0.625358,0.225116,0.149526,0.491738,0.274626,0.233637,H,H
2021/2022,2022-04-17,Tigres UANL,Toluca,3,0,H,0.654717,0.217178,0.128105,0.742608,0.165024,0.092368,H,H
2021/2022,2022-04-20,Necaxa,Tigres UANL,2,0,H,0.265617,0.341254,0.393129,0.33438,0.292452,0.373168,A,A
2021/2022,2022-04-20,Pachuca,Puebla,1,0,H,0.42002,0.278118,0.301863,0.573625,0.239746,0.186629,H,H
2021/2022,2022-04-20,Guadalajara Chivas,Club Tijuana,2,1,H,0.566762,0.236638,0.1966,0.50765,0.266049,0.226302,H,H
2021/2022,2022-04-20,Mazatlan FC,Santos Laguna,1,0,H,0.274776,0.29078,0.434444,0.34074,0.297471,0.361789,A,A
2021/2022,2022-04-20,Toluca,Juarez,0,1,A,0.540921,0.226279,0.232801,0.488886,0.282729,0.228385,H,H
2021/2022,2022-04-21,Club America,Club Leon,2,0,H,0.561374,0.257694,0.180932,0.551971,0.250896,0.197133,H,H
2021/2022,2022-04-21,Atl. San Luis,UNAM Pumas,2,0,H,0.321331,0.304762,0.373907,0.500507,0.272871,0.226622,A,H
2021/2022,2022-04-21,Monterrey,Atlas,0,0,D,0.493015,0.270034,0.236952,0.473029,0.300192,0.226779,H,H
2021/2022,2022-04-22,Queretaro,Cruz Azul,0,1,A,0.326289,0.293796,0.379915,0.353485,0.31434,0.332175,A,H
2021/2022,2022-04-23,Pachuca,Monterrey,3,0,H,0.501732,0.27551,0.222758,0.466262,0.279757,0.25398,H,H
2021/2022,2022-04-23,Puebla,Necaxa,0,1,A,0.540217,0.256245,0.203538,0.365305,0.300701,0.333993,H,H
2021/2022,2022-04-23,Juarez,Mazatlan FC,0,2,A,0.378077,0.279388,0.342535,0.322179,0.31998,0.35784,H,A
2021/2022,2022-04-24,Tigres UANL,Club America,0,2,A,0.477204,0.310314,0.212482,0.415206,0.287842,0.296951,H,H
2021/2022,2022-04-24,Guadalajara Chivas,UNAM Pumas,3,1,H,0.468166,0.281828,0.250005,0.438397,0.290455,0.271147,H,H
2021/2022,2022-04-24,Toluca,Atlas,2,4,A,0.370962,0.281809,0.347228,0.263557,0.288774,0.447669,H,A
2021/2022,2022-04-24,Cruz Azul,Atl. San Luis,0,1,A,0.624145,0.226437,0.149418,0.43162,0.299238,0.269142,H,H
2021/2022,2022-04-25,Santos Laguna,Club Leon,1,1,D,0.475712,0.264527,0.25976,0.454665,0.273064,0.27227,H,H
2021/2022,2022-04-25,Club Tijuana,Queretaro,2,2,D,0.445738,0.258406,0.295856,0.43296,0.289534,0.277506,H,H
2021/2022,2022-04-30,Queretaro,Juarez,4,0,H,0.523518,0.237602,0.23888,0.508944,0.278707,0.212349,H,H
2021/2022,2022-04-30,Mazatlan FC,Puebla,2,1,H,0.31773,0.289057,0.393212,0.419877,0.297246,0.282878,A,H
2021/2022,2022-04-30,Necaxa,Guadalajara Chivas,0,1,A,0.410793,0.308011,0.281196,0.394167,0.321023,0.28481,H,H
2021/2022,2022-05-01,Atlas,Tigres UANL,1,1,D,0.420322,0.288836,0.290843,0.426254,0.292137,0.281609,H,H
2021/2022,2022-05-01,Monterrey,Club Tijuana,2,0,H,0.508657,0.241793,0.24955,0.636129,0.214968,0.148903,H,H
2021/2022,2022-05-01,Club America,Cruz Azul,0,0,D,0.562038,0.274738,0.163224,0.541911,0.265582,0.192506,H,H
2021/2022,2022-05-01,UNAM Pumas,Pachuca,2,0,H,0.411157,0.317897,0.270946,0.293856,0.270144,0.436,H,A
2021/2022,2022-05-01,Atl. San Luis,Santos Laguna,1,3,A,0.314234,0.300215,0.385552,0.387546,0.286808,0.325646,A,H
2021/2022,2022-05-02,Club Leon,Toluca,4,4,D,0.576174,0.211255,0.212571,0.664183,0.193491,0.142325,H,H
2021/2022,2022-05-07,Cruz Azul,Necaxa,1,1,D,0.5768,0.237037,0.186163,0.395961,0.32138,0.282659,H,H
2021/2022,2022-05-08,Puebla,Mazatlan FC,2,2,D,0.596589,0.248738,0.154673,0.521378,0.272814,0.205807,H,H
2021/2022,2022-05-08,Monterrey,Atl. San Luis,2,2,D,0.576821,0.244344,0.178834,0.568766,0.262141,0.169093,H,H
2021/2022,2022-05-09,Guadalajara Chivas,UNAM Pumas,4,1,H,0.443777,0.290434,0.265789,0.46162,0.295611,0.242769,H,H
2021/2022,2022-05-12,Atl. San Luis,Pachuca,2,2,D,0.326233,0.324789,0.348979,0.284278,0.30961,0.406112,A,A
2021/2022,2022-05-12,Puebla,Club America,1,1,D,0.38128,0.311693,0.307027,0.235542,0.295728,0.468729,H,A
2021/2022,2022-05-13,Cruz Azul,Tigres UANL,0,1,A,0.471285,0.265506,0.26321,0.348273,0.32643,0.325297,H,H
2021/2022,2022-05-13,Guadalajara Chivas,Atlas,1,2,A,0.429275,0.310866,0.259858,0.327277,0.358625,0.314098,H,D
2021/2022,2022-05-15,Club America,Puebla,3,2,H,0.526761,0.252577,0.220662,0.545765,0.261481,0.192755,H,H
2021/2022,2022-05-15,Pachuca,Atl. San Luis,3,2,H,0.585949,0.247536,0.166516,0.503958,0.266296,0.229746,H,H
2021/2022,2022-05-16,Atlas,Guadalajara Chivas,1,1,D,0.470462,0.29858,0.230958,0.442563,0.29365,0.263787,H,H
2021/2022,2022-05-16,Tigres UANL,Cruz Azul,0,1,A,0.564549,0.246139,0.189312,0.436967,0.290407,0.272627,H,H
2021/2022,2022-05-19,Atlas,Tigres UANL,3,0,H,0.452564,0.282822,0.264614,0.3393,0.333263,0.327437,H,H
2021/2022,2022-05-20,Club America,Pachuca,1,1,D,0.531591,0.27744,0.190969,0.450591,0.294726,0.254682,H,H
2021/2022,2022-05-22,Tigres UANL,Atlas,4,2,H,0.478417,0.270277,0.251306,0.573638,0.257584,0.168778,H,H
2021/2022,2022-05-23,Pachuca,Club America,3,0,H,0.463336,0.299385,0.23728,0.327351,0.29816,0.374489,H,A
2021/2022,2022-05-27,Atlas,Pachuca,2,0,H,0.404668,0.302014,0.293318,0.342385,0.344903,0.312712,H,D
2021/2022,2022-05-30,Pachuca,Atlas,2,1,H,0.500067,0.286039,0.213894,0.563098,0.256797,0.180105,H,H
2022/2023,2022-07-02,Necaxa,Toluca,1,3,A,0.399648,0.268186,0.332166,0.493685,0.268895,0.237421,H,H
2022/2023,2022-07-02,Guadalajara Chivas,Juarez,0,0,D,0.672234,0.213846,0.11392,0.516428,0.287611,0.195961,H,H
2022/2023,2022-07-02,Mazatlan FC,Puebla,2,4,A,0.295837,0.289955,0.414208,0.42433,0.294488,0.281182,A,H
2022/2023,2022-07-03,Tigres UANL,Cruz Azul,2,3,A,0.489345,0.28733,0.223325,0.481155,0.283721,0.235124,H,H
2022/2023,2022-07-03,Club America,Atlas,0,0,D,0.472707,0.27266,0.254633,0.476311,0.295433,0.228256,H,H
2022/2023,2022-07-03,UNAM Pumas,Club Tijuana,1,1,D,0.48518,0.258443,0.256378,0.504924,0.266128,0.228948,H,H
2022/2023,2022-07-03,Atl. San Luis,Club Leon,1,2,A,0.304182,0.284669,0.41115,0.374553,0.292363,0.333085,A,H
2022/2023,2022-07-04,Santos Laguna,Monterrey,4,3,H,0.474829,0.27232,0.252851,0.304979,0.280251,0.414771,H,A
2022/2023,2022-07-05,Pachuca,Queretaro,2,0,H,0.544958,0.262853,0.192189,0.522083,0.269317,0.2086,H,H
2022/2023,2022-07-09,Puebla,Santos Laguna,1,0,H,0.464735,0.292355,0.24291,0.381844,0.278119,0.340036,H,H
2022/2023,2022-07-09,Club Tijuana,Juarez,0,2,A,0.53545,0.246661,0.217889,0.484199,0.288427,0.227373,H,H
2022/2023,2022-07-09,Mazatlan FC,Tigres UANL,0,1,A,0.309066,0.305296,0.385638,0.270315,0.280027,0.449658,A,A
2022/2023,2022-07-10,Club Leon,UNAM Pumas,3,3,D,0.523739,0.260989,0.215272,0.481853,0.253332,0.264815,H,H
2022/2023,2022-07-10,Guadalajara Chivas,Atl. San Luis,0,1,A,0.494343,0.248303,0.257354,0.476499,0.288252,0.235249,H,H
2022/2023,2022-07-10,Cruz Azul,Pachuca,1,2,A,0.43655,0.296228,0.267222,0.352323,0.289955,0.357722,H,A
2022/2023,2022-07-10,Monterrey,Club America,3,2,H,0.405682,0.299366,0.294952,0.417775,0.287943,0.294282,H,H
2022/2023,2022-07-10,Toluca,Atlas,3,2,H,0.34095,0.305756,0.353294,0.356176,0.302,0.341824,A,H
2022/2023,2022-07-10,Queretaro,Necaxa,1,2,A,0.443769,0.282664,0.273567,0.374277,0.306562,0.319161,H,H
2022/2023,2022-07-14,Club America,Toluca,1,0,H,0.526994,0.248464,0.224542,0.631326,0.209498,0.159176,H,H
2022/2023,2022-07-16,Atlas,Cruz Azul,3,2,H,0.462334,0.287883,0.249783,0.44082,0.302439,0.256741,H,H
2022/2023,2022-07-16,Puebla,Club Leon,1,1,D,0.417611,0.291175,0.291215,0.426278,0.261498,0.312224,H,H
2022/2023,2022-07-16,Juarez,Queretaro,1,1,D,0.288678,0.255796,0.455527,0.378777,0.308541,0.312682,A,H
2022/2023,2022-07-17,Santos Laguna,Guadalajara Chivas,1,1,D,0.419139,0.292289,0.288572,0.431467,0.290333,0.2782,H,H
2022/2023,2022-07-17,UNAM Pumas,Necaxa,1,0,H,0.517286,0.274945,0.207769,0.42815,0.281984,0.289866,H,H
2022/2023,2022-07-17,Atl. San Luis,Monterrey,0,1,A,0.347652,0.286287,0.36606,0.286237,0.277719,0.436044,A,A
2022/2023,2022-07-18,Tigres UANL,Club Tijuana,1,0,H,0.597179,0.233692,0.169128,0.652321,0.21346,0.134219,H,H
2022/2023,2022-07-19,Pachuca,Mazatlan FC,1,1,D,0.586851,0.251839,0.161309,0.672488,0.203208,0.124303,H,H
2022/2023,2022-07-21,Guadalajara Chivas,Club Leon,0,0,D,0.391992,0.262538,0.34547,0.442167,0.279333,0.278499,H,H
2022/2023,2022-07-22,Queretaro,Monterrey,0,3,A,0.32961,0.296137,0.374254,0.29971,0.284176,0.416115,A,A
2022/2023,2022-07-23,Mazatlan FC,Atl. San Luis,1,1,D,0.427535,0.272087,0.300379,0.38065,0.293268,0.326081,H,H
2022/2023,2022-07-23,Necaxa,Juarez,1,0,H,0.537574,0.24609,0.216335,0.442924,0.310488,0.246588,H,H
2022/2023,2022-07-23,Toluca,Santos Laguna,2,1,H,0.389532,0.313772,0.296697,0.345789,0.276222,0.377988,H,A
2022/2023,2022-07-24,Cruz Azul,Puebla,2,2,D,0.455352,0.284258,0.26039,0.469321,0.275501,0.255177,H,H
2022/2023,2022-07-24,Club Tijuana,Club America,2,0,H,0.272554,0.277086,0.45036,0.268268,0.2829,0.448832,A,A
2022/2023,2022-07-24,Tigres UANL,Atlas,2,0,H,0.459994,0.290882,0.249123,0.493499,0.276769,0.229732,H,H
2022/2023,2022-07-25,Pachuca,UNAM Pumas,0,0,D,0.535821,0.267536,0.196642,0.573648,0.2452,0.181152,H,H
2022/2023,2022-07-27,Club Leon,Toluca,0,1,A,0.529927,0.271517,0.198556,0.552392,0.230504,0.217103,H,H
2022/2023,2022-07-27,Atl. San Luis,Cruz Azul,0,0,D,0.319442,0.277719,0.402839,0.355414,0.295803,0.348783,A,H
2022/2023,2022-07-27,Atlas,Club Tijuana,1,2,A,0.577135,0.244217,0.178648,0.460973,0.28882,0.250207,H,H
2022/2023,2022-07-27,Juarez,Tigres UANL,0,1,A,0.234858,0.283812,0.48133,0.221006,0.277573,0.501422,A,A
2022/2023,2022-07-27,Monterrey,Puebla,1,0,H,0.456268,0.302371,0.241361,0.686703,0.191376,0.121921,H,H
2022/2023,2022-07-28,Necaxa,Pachuca,2,0,H,0.333882,0.311406,0.354712,0.313039,0.293351,0.39361,A,A
2022/2023,2022-07-28,Queretaro,Guadalajara Chivas,2,2,D,0.315725,0.29447,0.389805,0.285757,0.311475,0.402769,A,A
2022/2023,2022-07-28,UNAM Pumas,Mazatlan FC,1,1,D,0.458297,0.263549,0.278154,0.554762,0.254645,0.190593,H,H
2022/2023,2022-07-30,Juarez,Toluca,1,1,D,0.353785,0.283169,0.363046,0.417963,0.298737,0.2833,A,H
2022/2023,2022-07-30,Cruz Azul,Necaxa,1,0,H,0.579579,0.259826,0.160595,0.412965,0.296286,0.290748,H,H
2022/2023,2022-07-31,Tigres UANL,Queretaro,2,1,H,0.609623,0.229896,0.160481,0.653266,0.213281,0.133453,H,H
2022/2023,2022-07-31,Club Tijuana,Mazatlan FC,2,0,H,0.363094,0.26993,0.366976,0.460398,0.284941,0.254661,A,H
2022/2023,2022-07-31,Guadalajara Chivas,Pachuca,0,0,D,0.428739,0.284884,0.286377,0.339637,0.305229,0.355134,H,A
2022/2023,2022-07-31,Puebla,Atl. San Luis,0,0,D,0.545021,0.266135,0.188843,0.431938,0.281869,0.286192,H,H
2022/2023,2022-07-31,UNAM Pumas,Monterrey,1,1,D,0.424282,0.29452,0.281198,0.357946,0.285479,0.356575,H,H
2022/2023,2022-08-01,Santos Laguna,Atlas,1,0,H,0.427381,0.287874,0.284744,0.351671,0.293984,0.354345,H,A
2022/2023,2022-08-01,Club Leon,Club America,3,2,H,0.44899,0.284217,0.266793,0.297953,0.280058,0.421988,H,A
2022/2023,2022-08-03,Toluca,Puebla,1,1,D,0.392244,0.302614,0.305142,0.408968,0.279176,0.311856,H,H
2022/2023,2022-08-04,Juarez,Atl. San Luis,1,1,D,0.386402,0.282896,0.330702,0.397845,0.310319,0.291836,H,H
2022/2023,2022-08-05,Atlas,Queretaro,3,1,H,0.540694,0.240156,0.219149,0.507226,0.268962,0.223812,H,H
2022/2023,2022-08-06,Mazatlan FC,Guadalajara Chivas,2,1,H,0.354889,0.277162,0.367949,0.312814,0.312814,0.374372,A,A
2022/2023,2022-08-07,Monterrey,Club Leon,5,1,H,0.426323,0.300022,0.273655,0.597832,0.224187,0.177981,H,H
2022/2023,2022-08-07,Santos Laguna,Cruz Azul,4,0,H,0.392567,0.292132,0.315302,0.394411,0.283259,0.322329,H,H
2022/2023,2022-08-07,Toluca,Club Tijuana,3,1,H,0.504445,0.270946,0.22461,0.521739,0.263074,0.215187,H,H
2022/2023,2022-08-07,Atl. San Luis,Necaxa,1,2,A,0.452362,0.270603,0.277035,0.420574,0.297349,0.282077,H,H
2022/2023,2022-08-08,Pachuca,Tigres UANL,2,0,H,0.530378,0.284915,0.184708,0.466209,0.278334,0.255457,H,H
2022/2023,2022-08-08,Club America,Juarez,2,1,H,0.619493,0.224218,0.15629,0.586876,0.260652,0.152473,H,H
2022/2023,2022-08-12,Queretaro,Atl. San Luis,1,1,D,0.366729,0.278374,0.354898,0.317863,0.291126,0.391011,H,A
2022/2023,2022-08-13,Necaxa,Monterrey,1,2,A,0.328476,0.307657,0.363867,0.297342,0.292667,0.409991,A,A
2022/2023,2022-08-13,Club Tijuana,Puebla,3,3,D,0.307903,0.295659,0.396439,0.424063,0.285302,0.290635,A,H
2022/2023,2022-08-13,Club Leon,Mazatlan FC,0,3,A,0.523043,0.260773,0.216184,0.587318,0.227765,0.184918,H,H
2022/2023,2022-08-14,UNAM Pumas,Club America,0,3,A,0.395346,0.286544,0.31811,0.298828,0.290449,0.410723,H,A
2022/2023,2022-08-14,Guadalajara Chivas,Atlas,1,1,D,0.441887,0.267381,0.290732,0.391553,0.315088,0.293358,H,H
2022/2023,2022-08-14,Cruz Azul,Toluca,2,3,A,0.507936,0.276707,0.215357,0.43868,0.284874,0.276446,H,H
2022/2023,2022-08-15,Tigres UANL,Santos Laguna,2,0,H,0.448619,0.290269,0.261112,0.586331,0.238431,0.175238,H,H
2022/2023,2022-08-17,Mazatlan FC,Queretaro,1,1,D,0.49416,0.25226,0.25358,0.473609,0.264309,0.262082,H,H
2022/2023,2022-08-17,Puebla,Necaxa,2,2,D,0.557022,0.260092,0.182886,0.405285,0.294986,0.299729,H,H
2022/2023,2022-08-17,Atlas,Juarez,0,1,A,0.566527,0.23573,0.197742,0.444716,0.308219,0.247065,H,H
2022/2023,2022-08-18,Toluca,Monterrey,1,1,D,0.35717,0.324519,0.318311,0.395817,0.271979,0.332204,H,H
2022/2023,2022-08-18,Cruz Azul,Club Tijuana,1,2,A,0.527254,0.257752,0.214994,0.499554,0.266905,0.233541,H,H
2022/2023,2022-08-18,Pachuca,Club America,0,3,A,0.482583,0.272705,0.244712,0.411512,0.282215,0.306273,H,H
2022/2023,2022-08-19,Santos Laguna,Club Leon,2,1,H,0.505641,0.266457,0.227902,0.428541,0.266159,0.3053,H,H
2022/2023,2022-08-19,Atl. San Luis,UNAM Pumas,3,2,H,0.406219,0.276793,0.316989,0.379418,0.290769,0.329812,H,H
2022/2023,2022-08-20,Necaxa,Guadalajara Chivas,0,4,A,0.385326,0.291028,0.323646,0.312493,0.316731,0.370776,H,A
2022/2023,2022-08-20,Queretaro,Club Tijuana,2,0,H,0.403481,0.278104,0.318414,0.4341,0.276948,0.288952,H,H
2022/2023,2022-08-21,Atlas,Puebla,1,1,D,0.408195,0.273407,0.318398,0.461032,0.276075,0.262892,H,H
2022/2023,2022-08-21,Monterrey,Tigres UANL,0,0,D,0.504573,0.309246,0.186181,0.428569,0.284842,0.286589,H,H
2022/2023,2022-08-21,Club America,Cruz Azul,7,0,H,0.578514,0.259114,0.162372,0.557485,0.251767,0.190748,H,H
2022/2023,2022-08-21,Juarez,Mazatlan FC,1,1,D,0.344885,0.278794,0.376321,0.484323,0.294272,0.221405,A,H
2022/2023,2022-08-21,UNAM Pumas,Santos Laguna,1,5,A,0.412717,0.282941,0.304342,0.375012,0.289096,0.335892,H,H
2022/2023,2022-08-21,Atl. San Luis,Toluca,1,0,H,0.358717,0.290407,0.350876,0.379864,0.274037,0.346099,H,H
2022/2023,2022-08-22,Pachuca,Club Leon,1,0,H,0.528735,0.238267,0.232998,0.559129,0.2352,0.205671,H,H
2022/2023,2022-08-24,Guadalajara Chivas,Monterrey,1,0,H,0.399309,0.303712,0.296979,0.357314,0.305936,0.33675,H,H
2022/2023,2022-08-24,Queretaro,Club America,0,1,A,0.163154,0.261231,0.575615,0.194493,0.243117,0.56239,A,A
2022/2023,2022-08-25,UNAM Pumas,Tigres UANL,1,1,D,0.369785,0.312407,0.317808,0.290978,0.288284,0.420738,H,A
2022/2023,2022-08-26,Pachuca,Atlas,3,1,H,0.481488,0.265738,0.252774,0.531889,0.264433,0.203677,H,H
2022/2023,2022-08-26,Club Tijuana,Santos Laguna,0,2,A,0.306367,0.310197,0.383436,0.349317,0.283488,0.367195,A,A
2022/2023,2022-08-27,Puebla,Juarez,2,2,D,0.596012,0.240295,0.163693,0.406449,0.297718,0.295833,H,H
2022/2023,2022-08-27,Mazatlan FC,Club America,1,3,A,0.242257,0.309076,0.448667,0.227993,0.267957,0.50405,A,A
2022/2023,2022-08-27,Cruz Azul,Queretaro,2,1,H,0.468564,0.264488,0.266948,0.46999,0.268759,0.261251,H,H
2022/2023,2022-08-28,Tigres UANL,Necaxa,0,0,D,0.600054,0.231437,0.168509,0.612101,0.237092,0.150807,H,H
2022/2023,2022-08-28,Guadalajara Chivas,UNAM Pumas,3,1,H,0.514659,0.2521,0.233241,0.538611,0.263254,0.198136,H,H
2022/2023,2022-08-28,Toluca,Pachuca,1,4,A,0.416838,0.314947,0.268215,0.339466,0.279501,0.381033,H,A
2022/2023,2022-08-29,Club Leon,Atlas,4,2,H,0.407987,0.27869,0.313323,0.344008,0.296108,0.359885,H,A
2022/2023,2022-08-29,Santos Laguna,Atl. San Luis,4,1,H,0.586587,0.267173,0.14624,0.502319,0.25116,0.246521,H,H
2022/2023,2022-08-29,Club Tijuana,Monterrey,0,3,A,0.265974,0.295852,0.438175,0.257556,0.274979,0.467465,A,A
2022/2023,2022-09-02,Atl. San Luis,Club Tijuana,0,0,D,0.450491,0.268776,0.280732,0.436466,0.280492,0.283042,H,H
2022/2023,2022-09-02,Queretaro,Puebla,1,1,D,0.263282,0.262956,0.473762,0.349408,0.286171,0.364421,A,A
2022/2023,2022-09-03,Juarez,Cruz Azul,2,2,D,0.380476,0.265074,0.35445,0.42293,0.300539,0.276531,H,H
2022/2023,2022-09-03,Pachuca,Santos Laguna,2,0,H,0.459683,0.305688,0.234629,0.546197,0.253804,0.199999,H,H
2022/2023,2022-09-03,Necaxa,Club Leon,3,2,H,0.370715,0.267828,0.361457,0.34105,0.286649,0.372301,H,A
2022/2023,2022-09-04,Club America,Tigres UANL,2,1,H,0.556458,0.305348,0.138195,0.453528,0.277231,0.269241,H,H
2022/2023,2022-09-04,Toluca,Guadalajara Chivas,0,0,D,0.369268,0.3074,0.323333,0.339725,0.286578,0.373697,H,A
2022/2023,2022-09-04,Atlas,UNAM Pumas,0,0,D,0.473371,0.246536,0.280093,0.468607,0.267968,0.263426,H,H
2022/2023,2022-09-04,Monterrey,Mazatlan FC,0,0,D,0.572548,0.248935,0.178517,0.661107,0.211374,0.127519,H,H
2022/2023,2022-09-07,Monterrey,Cruz Azul,3,2,H,0.569537,0.22971,0.200754,0.648599,0.213238,0.138163,H,H
2022/2023,2022-09-07,Club America,Atl. San Luis,3,0,H,0.700944,0.222332,0.076724,0.658288,0.209121,0.132591,H,H
2022/2023,2022-09-07,Club Leon,Juarez,1,0,H,0.550528,0.249653,0.199819,0.456171,0.279456,0.264372,H,H
2022/2023,2022-09-07,Santos Laguna,Necaxa,3,1,H,0.557035,0.271275,0.17169,0.505973,0.260014,0.234013,H,H
2022/2023,2022-09-08,Puebla,Pachuca,2,2,D,0.417516,0.314821,0.267663,0.285892,0.283293,0.430815,H,A
2022/2023,2022-09-08,Tigres UANL,Toluca,3,1,H,0.577109,0.239399,0.183492,0.620501,0.222028,0.157472,H,H
2022/2023,2022-09-08,Mazatlan FC,Atlas,1,0,H,0.403232,0.271318,0.32545,0.371917,0.305069,0.323014,H,H
2022/2023,2022-09-08,Club Tijuana,Guadalajara Chivas,1,2,A,0.28554,0.28588,0.42858,0.366864,0.303734,0.329402,A,H
2022/2023,2022-09-08,UNAM Pumas,Queretaro,4,1,H,0.488127,0.260712,0.251161,0.491506,0.265301,0.243193,H,H
2022/2023,2022-09-10,Juarez,Monterrey,0,1,A,0.252847,0.29876,0.448393,0.257202,0.291763,0.451035,A,A
2022/2023,2022-09-10,Queretaro,Santos Laguna,3,3,D,0.22495,0.27696,0.49809,0.314287,0.269001,0.416711,A,A
2022/2023,2022-09-11,Necaxa,Club America,1,2,A,0.219639,0.30234,0.478021,0.273904,0.281329,0.444767,A,A
2022/2023,2022-09-11,Tigres UANL,Club Leon,0,1,A,0.530901,0.253897,0.215202,0.565986,0.239456,0.194558,H,H
2022/2023,2022-09-11,Guadalajara Chivas,Puebla,1,0,H,0.425747,0.293559,0.280694,0.446632,0.282013,0.271355,H,H
2022/2023,2022-09-11,Toluca,UNAM Pumas,2,2,D,0.433624,0.25759,0.308786,0.401869,0.268684,0.329447,H,H
2022/2023,2022-09-11,Cruz Azul,Mazatlan FC,2,0,H,0.457723,0.288388,0.253889,0.501965,0.262263,0.235772,H,H
2022/2023,2022-09-12,Atlas,Atl. San Luis,1,3,A,0.553803,0.244277,0.20192,0.389725,0.29321,0.317065,H,H
2022/2023,2022-09-12,Pachuca,Club Tijuana,6,1,H,0.655075,0.229377,0.115549,0.647985,0.215995,0.13602,H,H
2022/2023,2022-09-14,Guadalajara Chivas,Tigres UANL,1,4,A,0.361087,0.305791,0.333123,0.338558,0.311473,0.34997,H,A
2022/2023,2022-09-15,Juarez,Pachuca,2,1,H,0.171387,0.260094,0.568519,0.308853,0.294238,0.396909,A,A
2022/2023,2022-09-15,Club America,Santos Laguna,3,3,D,0.495586,0.296451,0.207963,0.621727,0.21292,0.165353,H,H
2022/2023,2022-09-16,Cruz Azul,Club Leon,2,1,H,0.400526,0.306341,0.293133,0.378725,0.273524,0.347751,H,H
2022/2023,2022-09-17,Puebla,Tigres UANL,2,1,H,0.351287,0.29504,0.353673,0.33745,0.284114,0.378436,A,A
2022/2023,2022-09-17,Mazatlan FC,Toluca,1,1,D,0.383721,0.260287,0.355992,0.342392,0.2807,0.376908,H,A
2022/2023,2022-09-18,Monterrey,Atlas,2,0,H,0.550127,0.246548,0.203325,0.65807,0.212861,0.129069,H,H
2022/2023,2022-09-18,Club America,Guadalajara Chivas,2,1,H,0.605037,0.271578,0.123385,0.5582,0.245961,0.195839,H,H
2022/2023,2022-09-18,UNAM Pumas,Cruz Azul,1,2,A,0.437131,0.291453,0.271416,0.390535,0.273718,0.335747,H,H
2022/2023,2022-09-19,Santos Laguna,Juarez,2,0,H,0.611743,0.249184,0.139073,0.48105,0.267403,0.251546,H,H
2022/2023,2022-09-19,Club Leon,Queretaro,3,1,H,0.525527,0.252907,0.221566,0.549397,0.242591,0.208012,H,H
2022/2023,2022-09-19,Atl. San Luis,Pachuca,1,2,A,0.182831,0.263867,0.553302,0.247147,0.262463,0.490391,A,A
2022/2023,2022-09-19,Club Tijuana,Necaxa,1,1,D,0.358713,0.257856,0.383431,0.455408,0.277853,0.266739,A,H
2022/2023,2022-09-24,Necaxa,Mazatlan FC,2,2,D,0.462986,0.27668,0.260334,0.491773,0.278086,0.23014,H,H
2022/2023,2022-09-24,Puebla,UNAM Pumas,2,1,H,0.451333,0.271673,0.276994,0.415254,0.266949,0.317797,H,H
2022/2023,2022-10-01,Atl. San Luis,Tigres UANL,0,3,A,0.23679,0.274541,0.488669,0.329887,0.277852,0.392261,A,A
2022/2023,2022-10-01,Monterrey,Pachuca,0,0,D,0.373161,0.311032,0.315807,0.439785,0.274219,0.285995,H,H
2022/2023,2022-10-01,Puebla,Club America,1,2,A,0.357548,0.315372,0.32708,0.252825,0.244243,0.502931,H,A
2022/2023,2022-10-01,Juarez,UNAM Pumas,3,1,H,0.285275,0.262755,0.451971,0.462758,0.267077,0.270165,A,H
2022/2023,2022-10-02,Toluca,Queretaro,4,1,H,0.50063,0.237431,0.261939,0.465375,0.249441,0.285184,H,H
2022/2023,2022-10-02,Atlas,Necaxa,1,0,H,0.405658,0.255428,0.338914,0.391214,0.288581,0.320206,H,H
2022/2023,2022-10-02,Cruz Azul,Guadalajara Chivas,2,1,H,0.48504,0.296324,0.218636,0.388095,0.282571,0.329334,H,H
2022/2023,2022-10-03,Santos Laguna,Mazatlan FC,3,0,H,0.576321,0.267904,0.155775,0.56929,0.225516,0.205195,H,H
2022/2023,2022-10-03,Club Leon,Club Tijuana,2,2,D,0.5781,0.241065,0.180835,0.519974,0.242475,0.237551,H,H
2022/2023,2022-10-09,Tigres UANL,Necaxa,2,0,H,0.588045,0.248174,0.163781,0.607058,0.233135,0.159807,H,H
2022/2023,2022-10-09,Cruz Azul,Club Leon,1,0,H,0.470311,0.304757,0.224931,0.393765,0.287473,0.318762,H,H
2022/2023,2022-10-09,Toluca,Juarez,3,0,H,0.557963,0.255313,0.186723,0.477715,0.274581,0.247704,H,H
2022/2023,2022-10-09,Puebla,Guadalajara Chivas,1,1,D,0.462675,0.280211,0.257114,0.35478,0.302135,0.343084,H,H
2022/2023,2022-10-13,Puebla,Club America,1,6,A,0.338929,0.311631,0.349441,0.234238,0.278987,0.486775,A,A
2022/2023,2022-10-13,Cruz Azul,Monterrey,0,0,D,0.413321,0.331184,0.255495,0.314393,0.303201,0.382405,H,A
2022/2023,2022-10-14,Toluca,Santos Laguna,4,3,H,0.361889,0.311962,0.326149,0.388362,0.271291,0.340347,H,H
2022/2023,2022-10-14,Tigres UANL,Pachuca,1,0,H,0.422264,0.304415,0.273321,0.399793,0.314989,0.285218,H,H
2022/2023,2022-10-16,Monterrey,Cruz Azul,3,0,H,0.558805,0.277015,0.16418,0.543464,0.256802,0.199735,H,H
2022/2023,2022-10-16,Club America,Puebla,5,1,H,0.664253,0.238355,0.097392,0.64614,0.203233,0.150627,H,H
2022/2023,2022-10-17,Pachuca,Tigres UANL,2,1,H,0.483851,0.30132,0.214829,0.55341,0.257648,0.188942,H,H
2022/2023,2022-10-17,Santos Laguna,Toluca,1,2,A,0.494289,0.298294,0.207417,0.636952,0.199642,0.163407,H,H
2022/2023,2022-10-20,Toluca,Club America,2,1,H,0.256688,0.334306,0.409006,0.181016,0.227816,0.591168,A,A
2022/2023,2022-10-21,Pachuca,Monterrey,5,2,H,0.492125,0.296563,0.211312,0.450565,0.307271,0.242164,H,H
2022/2023,2022-10-23,Club America,Toluca,1,1,D,0.623185,0.26748,0.109335,0.743094,0.160876,0.096031,H,H
2022/2023,2022-10-24,Monterrey,Pachuca,0,1,A,0.445891,0.301134,0.252975,0.491912,0.258186,0.249902,H,H
2022/2023,2022-10-28,Toluca,Pachuca,1,5,A,0.369572,0.342062,0.288366,0.262797,0.259877,0.477326,H,A
2022/2023,2022-10-31,Pachuca,Toluca,3,1,H,0.637632,0.24725,0.115118,0.595701,0.213041,0.191258,H,H
2022/2023,2023-01-07,Necaxa,Atl. San Luis,2,3,A,0.482612,0.253115,0.264273,0.430061,0.296264,0.273675,H,H
2022/2023,2023-01-07,Club America,Queretaro,0,0,D,0.745759,0.180694,0.073547,0.65422,0.206977,0.138803,H,H
2022/2023,2023-01-08,Monterrey,Guadalajara Chivas,0,1,A,0.521887,0.256553,0.22156,0.47974,0.285211,0.235049,H,H
2022/2023,2023-01-08,UNAM Pumas,Juarez,2,1,H,0.558235,0.255166,0.186599,0.418476,0.294385,0.287139,H,H
2022/2023,2023-01-09,Santos Laguna,Tigres UANL,0,3,A,0.436096,0.320777,0.243127,0.299729,0.294986,0.405285,H,A
2022/2023,2023-01-09,Club Tijuana,Cruz Azul,1,1,D,0.380643,0.301383,0.317974,0.382147,0.280012,0.337841,H,H
2022/2023,2023-01-10,Pachuca,Puebla,5,1,H,0.659066,0.236371,0.104563,0.610205,0.228827,0.160968,H,H
2022/2023,2023-01-13,Atlas,Mazatlan FC,2,1,H,0.458426,0.257088,0.284486,0.543586,0.268669,0.187745,H,H
2022/2023,2023-01-14,Puebla,Queretaro,2,0,H,0.489574,0.244418,0.266009,0.430058,0.282796,0.287146,H,H
2022/2023,2023-01-14,Cruz Azul,Monterrey,2,3,A,0.36955,0.28292,0.34753,0.357292,0.296042,0.346666,H,H
2022/2023,2023-01-14,Atl. San Luis,Guadalajara Chivas,0,0,D,0.319161,0.290914,0.389926,0.316699,0.293721,0.38958,A,A
2022/2023,2023-01-15,Santos Laguna,UNAM Pumas,3,0,H,0.508302,0.264931,0.226767,0.435435,0.263975,0.300591,H,H
2022/2023,2023-01-15,Juarez,Club Tijuana,3,0,H,0.358973,0.264382,0.376645,0.412965,0.296286,0.290748,A,H
2022/2023,2023-01-15,Toluca,Club America,2,2,D,0.207877,0.287534,0.504589,0.235479,0.24933,0.515191,A,A
2022/2023,2023-01-16,Tigres UANL,Pachuca,4,1,H,0.356735,0.322023,0.321242,0.441889,0.296938,0.261173,H,H
2022/2023,2023-01-17,Club Leon,Necaxa,2,1,H,0.483046,0.260202,0.256752,0.529682,0.24993,0.220388,H,H
2022/2023,2023-01-21,Mazatlan FC,Santos Laguna,1,2,A,0.292717,0.266829,0.440453,0.279874,0.263272,0.456854,A,A
2022/2023,2023-01-21,Club Tijuana,Tigres UANL,1,1,D,0.208722,0.292827,0.498451,0.239343,0.262874,0.497783,A,A
2022/2023,2023-01-21,Monterrey,Atl. San Luis,3,1,H,0.599001,0.244231,0.156768,0.671924,0.204371,0.123705,H,H
2022/2023,2023-01-22,Queretaro,Atlas,3,3,D,0.359606,0.283213,0.357181,0.278539,0.29343,0.428031,H,A
2022/2023,2023-01-22,UNAM Pumas,Club Leon,4,1,H,0.347548,0.283015,0.369437,0.420405,0.259972,0.319623,A,H
2022/2023,2023-01-22,Necaxa,Cruz Azul,1,0,H,0.376109,0.282137,0.341753,0.290185,0.28315,0.426665,H,A
2022/2023,2023-01-22,Guadalajara Chivas,Toluca,1,2,A,0.489039,0.254547,0.256413,0.478141,0.27585,0.246009,H,H
2022/2023,2023-01-22,Club America,Puebla,2,2,D,0.70451,0.195762,0.099728,0.682766,0.191678,0.125556,H,H
2022/2023,2023-01-23,Pachuca,Juarez,4,1,H,0.694343,0.21832,0.087337,0.604756,0.238191,0.157053,H,H
2022/2023,2023-01-27,Atlas,Santos Laguna,2,2,D,0.322525,0.287434,0.390041,0.446437,0.26735,0.286213,A,H
2022/2023,2023-01-28,Puebla,Monterrey,1,2,A,0.314081,0.297162,0.388756,0.250167,0.265134,0.484699,A,A
2022/2023,2023-01-28,Club Tijuana,UNAM Pumas,0,0,D,0.369638,0.26891,0.361452,0.474649,0.264889,0.260462,H,H
2022/2023,2023-01-29,Toluca,Club Leon,0,0,D,0.466639,0.278712,0.254649,0.427737,0.256172,0.316091,H,H
2022/2023,2023-01-29,Juarez,Guadalajara Chivas,1,2,A,0.290891,0.301867,0.407242,0.323133,0.323133,0.353733,A,A
2022/2023,2023-01-29,Club America,Mazatlan FC,6,0,H,0.646442,0.212184,0.141374,0.767093,0.149497,0.083409,H,H
2022/2023,2023-01-29,Tigres UANL,Atl. San Luis,0,0,D,0.653184,0.22442,0.122396,0.648492,0.214181,0.137328,H,H
2022/2023,2023-01-30,Pachuca,Necaxa,2,1,H,0.681825,0.231154,0.087022,0.648872,0.211877,0.139251,H,H
2022/2023,2023-02-02,Atlas,Toluca,0,0,D,0.392271,0.290262,0.317467,0.451138,0.26758,0.281282,H,H
2022/2023,2023-02-03,Atl. San Luis,Puebla,2,0,H,0.377436,0.26063,0.361934,0.396419,0.30179,0.30179,H,H
2022/2023,2023-02-04,Necaxa,Club Tijuana,1,1,D,0.453508,0.263305,0.283187,0.355663,0.297896,0.346442,H,H
2022/2023,2023-02-04,Mazatlan FC,Juarez,2,3,A,0.423882,0.252167,0.323952,0.344029,0.306807,0.349164,H,A
2022/2023,2023-02-04,Club Leon,Pachuca,0,1,A,0.280111,0.290842,0.429047,0.321859,0.270548,0.407594,A,A
2022/2023,2023-02-05,Cruz Azul,Tigres UANL,0,1,A,0.320557,0.28547,0.393972,0.335733,0.29536,0.368908,A,A
2022/2023,2023-02-05,Santos Laguna,Club America,2,2,D,0.281134,0.303577,0.415289,0.31658,0.249043,0.434377,A,A
2022/2023,2023-02-05,UNAM Pumas,Atlas,2,2,D,0.42961,0.289478,0.280911,0.354131,0.293074,0.352795,H,H
2022/2023,2023-02-05,Guadalajara Chivas,Queretaro,1,1,D,0.575507,0.226802,0.197691,0.504932,0.269978,0.22509,H,H
2022/2023,2023-02-06,Monterrey,Toluca,2,1,H,0.516028,0.279973,0.203999,0.619328,0.221084,0.159588,H,H
2022/2023,2023-02-10,Queretaro,Club Leon,0,3,A,0.324194,0.28168,0.394126,0.337068,0.270631,0.392301,A,A
2022/2023,2023-02-10,Atlas,Monterrey,0,2,A,0.376223,0.318837,0.30494,0.353298,0.280935,0.365767,H,A
2022/2023,2023-02-11,Club America,Necaxa,2,1,H,0.685927,0.213218,0.100854,0.755718,0.156704,0.087578,H,H
2022/2023,2023-02-11,Club Tijuana,Atl. San Luis,1,0,H,0.399031,0.274252,0.326717,0.451292,0.273951,0.274757,H,H
2022/2023,2023-02-11,Puebla,Mazatlan FC,3,1,H,0.509086,0.240602,0.250312,0.600094,0.225577,0.174329,H,H
2022/2023,2023-02-12,Juarez,Santos Laguna,3,1,H,0.288573,0.301268,0.410158,0.329176,0.267868,0.402956,A,A
2022/2023,2023-02-12,Tigres UANL,UNAM Pumas,4,2,H,0.621765,0.241324,0.136911,0.668011,0.201555,0.130434,H,H
2022/2023,2023-02-12,Pachuca,Guadalajara Chivas,1,1,D,0.612297,0.268538,0.119165,0.48421,0.279798,0.235991,H,H
2022/2023,2023-02-12,Toluca,Cruz Azul,3,1,H,0.449295,0.264678,0.286028,0.377857,0.280272,0.341871,H,H
2022/2023,2023-02-15,Club Leon,Puebla,2,0,H,0.436482,0.279024,0.284495,0.563006,0.236007,0.200987,H,H
2022/2023,2023-02-15,Tigres UANL,Juarez,0,0,D,0.653723,0.225108,0.121169,0.659764,0.203666,0.136569,H,H
2022/2023,2023-02-15,Atl. San Luis,Club America,1,3,A,0.18617,0.252896,0.560934,0.209526,0.243991,0.546483,A,A
2022/2023,2023-02-16,Guadalajara Chivas,Club Tijuana,2,1,H,0.592854,0.241467,0.165679,0.50826,0.274252,0.217488,H,H
2022/2023,2023-02-16,Monterrey,Queretaro,2,0,H,0.639921,0.235179,0.1249,0.702679,0.185798,0.111523,H,H
2022/2023,2023-02-16,Necaxa,UNAM Pumas,3,1,H,0.380692,0.264513,0.354794,0.342728,0.278467,0.378805,H,A
2022/2023,2023-02-17,Mazatlan FC,Pachuca,2,3,A,0.23531,0.293299,0.471391,0.206111,0.236898,0.556991,A,A
2022/2023,2023-02-18,Atl. San Luis,Santos Laguna,1,1,D,0.315714,0.275194,0.409092,0.351411,0.268607,0.379981,A,A
2022/2023,2023-02-18,Monterrey,Necaxa,2,1,H,0.589186,0.260976,0.149838,0.715074,0.181189,0.103737,H,H
2022/2023,2023-02-18,Juarez,Club Leon,0,0,D,0.32235,0.304909,0.372741,0.333082,0.287987,0.378931,A,A
2022/2023,2023-02-18,Puebla,Cruz Azul,1,3,A,0.389989,0.271823,0.338188,0.307057,0.270566,0.422377,H,A
2022/2023,2023-02-19,Atlas,Tigres UANL,0,1,A,0.339439,0.316103,0.344457,0.277279,0.284021,0.4387,A,A
2022/2023,2023-02-19,UNAM Pumas,Guadalajara Chivas,1,2,A,0.383333,0.306304,0.310363,0.402416,0.286382,0.311202,H,H
2022/2023,2023-02-19,Queretaro,Mazatlan FC,1,1,D,0.351786,0.238589,0.409624,0.507849,0.266984,0.225167,A,H
2022/2023,2023-02-20,Club America,Club Tijuana,2,1,H,0.709536,0.215812,0.074652,0.724849,0.171256,0.103895,H,H
2022/2023,2023-02-20,Pachuca,Toluca,1,2,A,0.573025,0.278654,0.148321,0.532475,0.242787,0.224738,H,H
2022/2023,2023-02-23,Cruz Azul,Atlas,1,0,H,0.491713,0.26211,0.246177,0.396719,0.290433,0.312849,H,H
2022/2023,2023-02-24,Santos Laguna,Toluca,0,5,A,0.450251,0.300509,0.24924,0.465496,0.243025,0.291479,H,H
2022/2023,2023-02-25,Necaxa,Queretaro,1,1,D,0.504752,0.2502,0.245048,0.39108,0.303468,0.305452,H,H
2022/2023,2023-02-25,Mazatlan FC,UNAM Pumas,1,2,A,0.336027,0.265003,0.39897,0.396018,0.267794,0.336188,A,H
2022/2023,2023-02-25,Cruz Azul,Juarez,1,0,H,0.535635,0.256078,0.208287,0.544934,0.261812,0.193255,H,H
2022/2023,2023-02-26,Tigres UANL,Guadalajara Chivas,1,2,A,0.558504,0.269476,0.172021,0.552194,0.269713,0.178093,H,H
2022/2023,2023-02-26,Atlas,Club America,2,2,D,0.224752,0.271474,0.503774,0.253265,0.262513,0.484222,A,A
2022/2023,2023-02-26,Toluca,Atl. San Luis,2,0,H,0.595144,0.256405,0.148451,0.570006,0.230249,0.199746,H,H
2022/2023,2023-02-27,Santos Laguna,Puebla,3,2,H,0.471751,0.26461,0.263639,0.618951,0.210499,0.17055,H,H
2022/2023,2023-02-27,Club Tijuana,Pachuca,2,0,H,0.263763,0.293406,0.442831,0.358707,0.278399,0.362894,A,A
2022/2023,2023-02-28,Club Leon,Monterrey,1,1,D,0.4381,0.305769,0.256131,0.35051,0.28104,0.36845,H,A
2022/2023,2023-03-04,Club Tijuana,Atlas,1,1,D,0.367927,0.272815,0.359258,0.476416,0.280413,0.243171,H,H
2022/2023,2023-03-04,Club Leon,Atl. San Luis,2,0,H,0.539677,0.252195,0.208128,0.582396,0.237713,0.179891,H,H
2022/2023,2023-03-04,Mazatlan FC,Cruz Azul,3,1,H,0.378499,0.300387,0.321114,0.26981,0.277015,0.453175,H,A
2022/2023,2023-03-04,Necaxa,Tigres UANL,0,1,A,0.320094,0.313893,0.366013,0.203627,0.26345,0.532922,A,A
2022/2023,2023-03-05,Monterrey,Juarez,3,0,H,0.631944,0.241682,0.126373,0.585645,0.250991,0.163364,H,H
2022/2023,2023-03-05,Guadalajara Chivas,Santos Laguna,2,0,H,0.491117,0.272463,0.23642,0.453498,0.261683,0.284819,H,H
2022/2023,2023-03-05,Club America,Pachuca,0,3,A,0.508952,0.300503,0.190545,0.505016,0.24782,0.247164,H,H
2022/2023,2023-03-05,UNAM Pumas,Puebla,2,4,A,0.404746,0.275719,0.319535,0.583386,0.227663,0.188951,H,H
2022/2023,2023-03-06,Queretaro,Toluca,1,0,H,0.203808,0.267332,0.52886,0.271877,0.268743,0.459379,A,A
2022/2023,2023-03-11,Atlas,Club Leon,0,1,A,0.382954,0.290233,0.326813,0.376544,0.292473,0.330983,H,H
2022/2023,2023-03-11,Puebla,Guadalajara Chivas,1,0,H,0.420318,0.323285,0.256396,0.29474,0.278023,0.427237,H,A
2022/2023,2023-03-11,Atl. San Luis,Queretaro,2,0,H,0.501568,0.246411,0.252021,0.427709,0.29229,0.280001,H,H
2022/2023,2023-03-12,Cruz Azul,UNAM Pumas,1,0,H,0.459918,0.258263,0.28182,0.453505,0.268454,0.278042,H,H
2022/2023,2023-03-12,Tigres UANL,Club America,0,2,A,0.476179,0.294304,0.229516,0.41234,0.284113,0.303547,H,H
2022/2023,2023-03-12,Toluca,Mazatlan FC,4,1,H,0.570152,0.253532,0.176316,0.72183,0.172496,0.105673,H,H
2022/2023,2023-03-13,Pachuca,Monterrey,1,2,A,0.513755,0.298292,0.187953,0.395244,0.299928,0.304829,H,H
2022/2023,2023-03-13,Santos Laguna,Club Tijuana,3,2,H,0.495514,0.268458,0.236028,0.519635,0.246071,0.234294,H,H
2022/2023,2023-03-13,Juarez,Necaxa,1,1,D,0.355283,0.259483,0.385234,0.435873,0.302847,0.26128,A,H
2022/2023,2023-03-18,Cruz Azul,Atl. San Luis,1,0,H,0.487748,0.271526,0.240727,0.535123,0.263772,0.201105,H,H
2022/2023,2023-03-18,Mazatlan FC,Necaxa,0,1,A,0.384355,0.284454,0.331192,0.330678,0.288704,0.380618,H,A
2022/2023,2023-03-18,Club Tijuana,Toluca,3,3,D,0.277437,0.299866,0.422697,0.403434,0.274098,0.322468,A,H
2022/2023,2023-03-18,Puebla,Atlas,0,4,A,0.439208,0.281024,0.279768,0.293043,0.285873,0.421084,H,A
2022/2023,2023-03-19,Tigres UANL,Monterrey,0,1,A,0.442369,0.296326,0.261304,0.390283,0.30187,0.307847,H,H
2022/2023,2023-03-19,Guadalajara Chivas,Club America,2,4,A,0.374303,0.318411,0.307285,0.300045,0.27772,0.422235,H,A
2022/2023,2023-03-19,UNAM Pumas,Pachuca,0,2,A,0.238441,0.283301,0.478258,0.364677,0.280352,0.354971,A,H
2022/2023,2023-03-20,Queretaro,Juarez,2,2,D,0.382914,0.268279,0.348807,0.372248,0.312288,0.315464,H,H
2022/2023,2023-03-20,Club Leon,Santos Laguna,4,1,H,0.503337,0.266355,0.230307,0.503269,0.24373,0.253002,H,H
2022/2023,2023-03-25,Mazatlan FC,Club Leon,1,2,A,0.30041,0.306752,0.392838,0.211404,0.261879,0.526717,A,A
2022/2023,2023-03-30,Queretaro,Cruz Azul,2,2,D,0.379005,0.307702,0.313293,0.246453,0.28652,0.467028,H,A
2022/2023,2023-04-01,Necaxa,Santos Laguna,0,0,D,0.4266,0.260735,0.312665,0.343912,0.269365,0.386723,H,A
2022/2023,2023-04-01,Juarez,Puebla,0,2,A,0.376434,0.25782,0.365746,0.539506,0.260761,0.199732,H,H
2022/2023,2023-04-02,Pachuca,Cruz Azul,0,2,A,0.647572,0.235772,0.116656,0.47853,0.275261,0.246209,H,H
2022/2023,2023-04-02,Club America,Club Leon,2,2,D,0.576613,0.279946,0.143441,0.55586,0.235226,0.208914,H,H
2022/2023,2023-04-02,Monterrey,Club Tijuana,4,0,H,0.597438,0.241091,0.161471,0.626595,0.226608,0.146797,H,H
2022/2023,2023-04-02,Atlas,Guadalajara Chivas,3,3,D,0.41823,0.291386,0.290384,0.385288,0.300773,0.313939,H,H
2022/2023,2023-04-02,Toluca,Tigres UANL,3,2,H,0.517358,0.306321,0.176321,0.417799,0.268499,0.313701,H,H
2022/2023,2023-04-03,Queretaro,UNAM Pumas,1,0,H,0.361152,0.268251,0.370597,0.341633,0.279239,0.379129,A,A
2022/2023,2023-04-03,Atl. San Luis,Mazatlan FC,2,1,H,0.433333,0.245714,0.320953,0.604833,0.23734,0.157827,H,H
2022/2023,2023-04-08,Puebla,Toluca,1,2,A,0.313132,0.309495,0.377373,0.25577,0.250284,0.493947,A,A
2022/2023,2023-04-08,Club Tijuana,Queretaro,1,2,A,0.482735,0.27756,0.239705,0.613649,0.221555,0.164796,H,H
2022/2023,2023-04-09,Guadalajara Chivas,Necaxa,1,0,H,0.573708,0.26431,0.161981,0.537782,0.250772,0.211446,H,H
2022/2023,2023-04-09,Club Leon,Cruz Azul,0,0,D,0.505644,0.301626,0.19273,0.457428,0.26892,0.273652,H,H
2022/2023,2023-04-09,Tigres UANL,Mazatlan FC,1,2,A,0.630137,0.209523,0.16034,0.72868,0.172724,0.098595,H,H
2022/2023,2023-04-09,Club America,Monterrey,2,1,H,0.475808,0.318504,0.205687,0.499665,0.250502,0.249833,H,H
2022/2023,2023-04-09,UNAM Pumas,Atl. San Luis,3,1,H,0.427628,0.271808,0.300564,0.50405,0.260473,0.235478,H,H
2022/2023,2023-04-10,Santos Laguna,Pachuca,1,4,A,0.320577,0.308237,0.371187,0.371505,0.265663,0.362832,A,H
2022/2023,2023-04-10,Juarez,Atlas,1,1,D,0.279373,0.255777,0.464851,0.309795,0.307743,0.382462,A,A
2022/2023,2023-04-14,Atl. San Luis,Juarez,2,0,H,0.436949,0.261005,0.302046,0.424827,0.289356,0.285817,H,H
2022/2023,2023-04-15,Necaxa,Puebla,1,1,D,0.417132,0.264588,0.31828,0.460278,0.27726,0.262462,H,H
2022/2023,2023-04-15,Mazatlan FC,Club Tijuana,1,2,A,0.36566,0.251107,0.383233,0.260412,0.25267,0.486917,A,A
2022/2023,2023-04-16,Atlas,Pachuca,4,1,H,0.293833,0.311825,0.394342,0.312632,0.27738,0.409987,A,A
2022/2023,2023-04-16,Club Leon,Guadalajara Chivas,0,2,A,0.443628,0.29552,0.260852,0.403148,0.280872,0.315981,H,H
2022/2023,2023-04-16,Cruz Azul,Club America,1,3,A,0.33841,0.306842,0.354748,0.282743,0.26432,0.452937,A,A
2022/2023,2023-04-16,UNAM Pumas,Toluca,3,1,H,0.27784,0.281852,0.440308,0.334062,0.255351,0.410587,A,A
2022/2023,2023-04-17,Queretaro,Tigres UANL,0,0,D,0.252465,0.286511,0.461024,0.219573,0.270489,0.509938,A,A
2022/2023,2023-04-17,Monterrey,Santos Laguna,1,2,A,0.636098,0.236795,0.127107,0.614751,0.211887,0.173362,H,H
2022/2023,2023-04-21,Tigres UANL,Puebla,1,0,H,0.60085,0.232127,0.167023,0.602563,0.226692,0.170745,H,H
2022/2023,2023-04-22,Club Tijuana,Club Leon,0,0,D,0.302928,0.303212,0.39386,0.435127,0.259147,0.305726,A,H
2022/2023,2023-04-22,Necaxa,Atlas,1,3,A,0.29396,0.261559,0.444481,0.285661,0.272374,0.441965,A,A
2022/2023,2023-04-22,Mazatlan FC,Monterrey,0,2,A,0.21383,0.28175,0.50442,0.166282,0.213737,0.61998,A,A
2022/2023,2023-04-23,Pachuca,Atl. San Luis,2,1,H,0.650621,0.230478,0.1189,0.550908,0.243258,0.205834,H,H
2022/2023,2023-04-23,Guadalajara Chivas,Cruz Azul,2,1,H,0.512742,0.283771,0.203487,0.433778,0.286532,0.27969,H,H
2022/2023,2023-04-23,Club America,UNAM Pumas,1,1,D,0.664286,0.234088,0.101626,0.604029,0.215229,0.180742,H,H
2022/2023,2023-04-23,Toluca,Juarez,1,1,D,0.605073,0.251304,0.143624,0.612239,0.219889,0.167872,H,H
2022/2023,2023-04-24,Santos Laguna,Queretaro,0,2,A,0.541149,0.266223,0.192629,0.592795,0.225691,0.181515,H,H
2022/2023,2023-04-29,Juarez,Club America,0,1,A,0.194694,0.272533,0.532773,0.193396,0.243891,0.562713,A,A
2022/2023,2023-04-30,Toluca,Necaxa,3,0,H,0.59115,0.257192,0.151659,0.6565,0.191591,0.151909,H,H
2022/2023,2023-04-30,Cruz Azul,Santos Laguna,3,2,H,0.518127,0.25894,0.222934,0.466006,0.260912,0.273082,H,H
2022/2023,2023-04-30,Monterrey,UNAM Pumas,4,1,H,0.6465,0.230459,0.123042,0.556403,0.237248,0.206348,H,H
2022/2023,2023-04-30,Puebla,Club Tijuana,5,2,H,0.489653,0.251004,0.259343,0.442105,0.257996,0.299899,H,H
2022/2023,2023-04-30,Atl. San Luis,Atlas,0,0,D,0.296052,0.279844,0.424103,0.338967,0.277428,0.383605,A,A
2022/2023,2023-04-30,Guadalajara Chivas,Mazatlan FC,4,1,H,0.605418,0.239682,0.1549,0.703773,0.185718,0.11051,H,H
2022/2023,2023-05-01,Queretaro,Pachuca,0,1,A,0.25333,0.299617,0.447053,0.23679,0.252107,0.511103,A,A
2022/2023,2023-05-01,Club Leon,Tigres UANL,3,0,H,0.401985,0.282196,0.315818,0.511103,0.252107,0.23679,H,H
2022/2023,2023-05-07,Cruz Azul,Atlas,0,1,A,0.445936,0.281897,0.272167,0.449917,0.287947,0.262136,H,H
2022/2023,2023-05-07,Pachuca,Santos Laguna,4,4,D,0.569925,0.254822,0.175253,0.590761,0.223302,0.185937,H,H
2022/2023,2023-05-08,Club Leon,Atl. San Luis,1,3,A,0.589067,0.239241,0.171692,0.605048,0.223984,0.170968,H,H
2022/2023,2023-05-08,Tigres UANL,Puebla,1,0,H,0.476483,0.262911,0.260606,0.667614,0.198864,0.133523,H,H
2022/2023,2023-05-11,Santos Laguna,Monterrey,0,0,D,0.263104,0.310317,0.426579,0.266571,0.258471,0.474957,A,A
2022/2023,2023-05-11,Atl. San Luis,Club America,1,3,A,0.26893,0.315641,0.415429,0.197601,0.234744,0.567654,A,A
2022/2023,2023-05-12,Atlas,Guadalajara Chivas,1,0,H,0.381116,0.317504,0.30138,0.357236,0.304873,0.337891,H,H
2022/2023,2023-05-12,Tigres UANL,Toluca,4,1,H,0.434096,0.27891,0.286994,0.47144,0.265769,0.262791,H,H
2022/2023,2023-05-14,Club America,Atl. San Luis,1,2,A,0.655968,0.231436,0.112595,0.714259,0.169507,0.116234,H,H
2022/2023,2023-05-14,Monterrey,Santos Laguna,2,0,H,0.589386,0.243014,0.1676,0.603054,0.222556,0.174391,H,H
2022/2023,2023-05-14,Toluca,Tigres UANL,3,1,H,0.479705,0.302464,0.217831,0.50432,0.249477,0.246203,H,H
2022/2023,2023-05-15,Guadalajara Chivas,Atlas,1,0,H,0.53252,0.290626,0.176854,0.427007,0.28167,0.291323,H,H
2022/2023,2023-05-18,Tigres UANL,Monterrey,1,1,D,0.344969,0.320413,0.334618,0.362165,0.316741,0.321095,H,H
2022/2023,2023-05-19,Guadalajara Chivas,Club America,0,1,A,0.380797,0.324719,0.294484,0.3139,0.291408,0.394692,H,A
2022/2023,2023-05-21,Monterrey,Tigres UANL,0,1,A,0.565224,0.2666,0.168176,0.458339,0.294956,0.246705,H,H
2022/2023,2023-05-22,Club America,Guadalajara Chivas,1,3,A,0.565234,0.270133,0.164632,0.533935,0.253221,0.212844,H,H
2022/2023,2023-05-26,Tigres UANL,Guadalajara Chivas,0,0,D,0.438257,0.305817,0.255926,0.516884,0.286982,0.196134,H,H
2022/2023,2023-05-29,Guadalajara Chivas,Tigres UANL,2,3,A,0.463175,0.280642,0.256183,0.36303,0.322833,0.314137,H,H
2023/2024,2023-07-01,Club America,Juarez,1,2,A,0.691517,0.197006,0.111477,0.650558,0.207717,0.141725,H,H
2023/2024,2023-07-01,Mazatlan FC,Pachuca,1,1,D,0.188477,0.27445,0.537074,0.263452,0.264196,0.472351,A,A
2023/2024,2023-07-01,Club Tijuana,UNAM Pumas,2,3,A,0.35529,0.28823,0.35648,0.479653,0.260536,0.259812,A,H
2023/2024,2023-07-02,Toluca,Necaxa,0,0,D,0.619136,0.232409,0.148455,0.595477,0.224735,0.179788,H,H
2023/2024,2023-07-02,Atlas,Cruz Azul,2,0,H,0.385777,0.285801,0.328422,0.495141,0.276052,0.228806,H,H
2023/2024,2023-07-02,Atl. San Luis,Monterrey,1,1,D,0.257436,0.298564,0.443999,0.267446,0.273702,0.458853,A,A
2023/2024,2023-07-02,Tigres UANL,Puebla,1,1,D,0.498179,0.254515,0.247306,0.636983,0.20901,0.154007,H,H
2023/2024,2023-07-03,Santos Laguna,Queretaro,0,2,A,0.594222,0.246503,0.159275,0.563057,0.237227,0.199717,H,H
2023/2024,2023-07-04,Club Leon,Guadalajara Chivas,1,2,A,0.415055,0.274379,0.310565,0.488806,0.279527,0.231667,H,H
2023/2024,2023-07-08,Puebla,Santos Laguna,2,3,A,0.426176,0.272534,0.30129,0.360118,0.26081,0.379072,H,A
2023/2024,2023-07-08,Necaxa,Club Tijuana,1,1,D,0.415194,0.262938,0.321868,0.460691,0.275871,0.263438,H,H
2023/2024,2023-07-09,UNAM Pumas,Mazatlan FC,0,0,D,0.508526,0.286866,0.204608,0.659309,0.197099,0.143592,H,H
2023/2024,2023-07-09,Juarez,Tigres UANL,1,1,D,0.276568,0.298891,0.424541,0.26441,0.28029,0.4553,A,A
2023/2024,2023-07-09,Guadalajara Chivas,Atl. San Luis,3,1,H,0.593362,0.242591,0.164047,0.474055,0.271479,0.254466,H,H
2023/2024,2023-07-09,Cruz Azul,Toluca,0,2,A,0.384443,0.277816,0.33774,0.383899,0.26917,0.346931,H,H
2023/2024,2023-07-10,Monterrey,Atlas,1,0,H,0.629491,0.228334,0.142175,0.493982,0.269057,0.236961,H,H
2023/2024,2023-07-11,Club Leon,Pachuca,4,0,H,0.381964,0.277889,0.340147,0.496651,0.252353,0.250996,H,H
2023/2024,2023-07-14,Santos Laguna,Atlas,0,0,D,0.482293,0.285347,0.23236,0.430273,0.271422,0.298304,H,H
2023/2024,2023-07-14,Guadalajara Chivas,Necaxa,2,0,H,0.63605,0.231344,0.132606,0.429368,0.295787,0.274846,H,H
2023/2024,2023-07-15,Mazatlan FC,Monterrey,0,3,A,0.210487,0.278703,0.510811,0.227387,0.257538,0.515075,A,A
2023/2024,2023-07-15,Club Tijuana,Cruz Azul,2,1,H,0.331054,0.294253,0.374692,0.457413,0.274448,0.268139,A,H
2023/2024,2023-07-16,Toluca,Juarez,2,4,A,0.616219,0.240961,0.14282,0.617484,0.218361,0.164155,H,H
2023/2024,2023-07-16,Tigres UANL,Club Leon,1,0,H,0.427975,0.274227,0.297798,0.464295,0.27208,0.263625,H,H
2023/2024,2023-07-16,Club America,Puebla,3,0,H,0.574059,0.230678,0.195263,0.666618,0.190462,0.14292,H,H
2023/2024,2023-07-16,Atl. San Luis,Queretaro,4,1,H,0.475071,0.29698,0.227949,0.461801,0.27763,0.260569,H,H
2023/2024,2023-07-17,Pachuca,UNAM Pumas,1,1,D,0.593579,0.242547,0.163874,0.474664,0.254888,0.270448,H,H
2023/2024,2023-08-19,Club Leon,Mazatlan FC,2,1,H,0.668753,0.215224,0.116023,0.704933,0.177578,0.117489,H,H
2023/2024,2023-08-19,UNAM Pumas,Toluca,1,1,D,0.326457,0.292786,0.380757,0.360263,0.260358,0.379379,A,A
2023/2024,2023-08-19,Puebla,Atl. San Luis,1,2,A,0.444753,0.28238,0.272867,0.368067,0.257953,0.37398,H,A
2023/2024,2023-08-19,Juarez,Guadalajara Chivas,1,1,D,0.281377,0.314687,0.403936,0.260423,0.291348,0.448228,A,A
2023/2024,2023-08-21,Necaxa,Tigres UANL,0,3,A,0.263226,0.282834,0.45394,0.224373,0.266804,0.508823,A,A
2023/2024,2023-08-21,Club America,Atlas,1,1,D,0.631853,0.226688,0.141459,0.44898,0.269388,0.281633,H,H
2023/2024,2023-08-21,Cruz Azul,Santos Laguna,2,2,D,0.449559,0.270566,0.279875,0.432613,0.271171,0.296216,H,H
2023/2024,2023-08-21,Queretaro,Pachuca,1,1,D,0.261887,0.290457,0.447656,0.324583,0.275608,0.399809,A,A
2023/2024,2023-08-23,Guadalajara Chivas,Club Tijuana,1,0,H,0.624354,0.234727,0.140919,0.57789,0.23377,0.188341,H,H
2023/2024,2023-08-23,Mazatlan FC,Puebla,1,0,H,0.29848,0.269371,0.432149,0.506012,0.244373,0.249615,A,H
2023/2024,2023-08-23,Juarez,UNAM Pumas,4,1,H,0.421125,0.300146,0.27873,0.323556,0.276511,0.399932,H,A
2023/2024,2023-08-24,Club America,Necaxa,3,2,H,0.718973,0.18587,0.095157,0.670271,0.197389,0.13234,H,H
2023/2024,2023-08-24,Pachuca,Cruz Azul,1,0,H,0.557081,0.236106,0.206813,0.420377,0.278578,0.301044,H,H
2023/2024,2023-08-24,Atl. San Luis,Club Leon,3,0,H,0.340379,0.307925,0.351696,0.298274,0.260676,0.44105,A,A
2023/2024,2023-08-26,Club Tijuana,Mazatlan FC,1,1,D,0.486954,0.28119,0.231856,0.502006,0.248333,0.249661,H,H
2023/2024,2023-08-26,Puebla,Juarez,1,0,H,0.415769,0.277167,0.307064,0.405901,0.272178,0.321921,H,H
2023/2024,2023-08-27,Atlas,Toluca,0,0,D,0.401508,0.274481,0.324011,0.481591,0.26244,0.255969,H,H
2023/2024,2023-08-27,Club America,Club Leon,1,1,D,0.581133,0.241674,0.177193,0.502847,0.242304,0.254849,H,H
2023/2024,2023-08-27,Santos Laguna,Guadalajara Chivas,2,1,H,0.378107,0.29897,0.322923,0.417567,0.273072,0.309361,H,H
2023/2024,2023-08-27,Necaxa,Queretaro,0,1,A,0.401661,0.28089,0.317449,0.389092,0.290007,0.320901,H,H
2023/2024,2023-08-28,UNAM Pumas,Tigres UANL,2,1,H,0.285613,0.304349,0.410038,0.321798,0.281089,0.397113,A,A
2023/2024,2023-08-28,Monterrey,Cruz Azul,1,2,A,0.605362,0.223577,0.171062,0.598813,0.219799,0.181388,H,H
2023/2024,2023-08-29,Pachuca,Atl. San Luis,0,2,A,0.51827,0.250908,0.230821,0.48668,0.247858,0.265462,H,H
2023/2024,2023-08-31,Tigres UANL,Santos Laguna,3,2,H,0.561426,0.254438,0.184137,0.503635,0.251818,0.244547,H,H
2023/2024,2023-08-31,Queretaro,Atlas,1,2,A,0.340699,0.299867,0.359435,0.269767,0.30207,0.428163,A,A
2023/2024,2023-08-31,Toluca,Monterrey,1,0,H,0.38123,0.28022,0.338551,0.398296,0.255039,0.346665,H,H
2023/2024,2023-09-02,Juarez,Mazatlan FC,3,1,H,0.537041,0.281108,0.181851,0.46999,0.268759,0.261251,H,H
2023/2024,2023-09-02,Puebla,Club Tijuana,3,0,H,0.444411,0.268942,0.286647,0.465411,0.256999,0.27759,H,H
2023/2024,2023-09-03,Club Leon,Necaxa,1,1,D,0.582379,0.239533,0.178088,0.663191,0.20417,0.132638,H,H
2023/2024,2023-09-03,Santos Laguna,UNAM Pumas,2,1,H,0.510356,0.27845,0.211194,0.50183,0.242443,0.255727,H,H
2023/2024,2023-09-03,Tigres UANL,Queretaro,5,0,H,0.634568,0.234226,0.131206,0.643562,0.220606,0.135832,H,H
2023/2024,2023-09-03,Cruz Azul,Club America,2,3,A,0.285975,0.279059,0.434966,0.282603,0.253421,0.463975,A,A
2023/2024,2023-09-03,Toluca,Pachuca,5,0,H,0.468101,0.275538,0.256361,0.424948,0.25851,0.316543,H,H
2023/2024,2023-09-04,Guadalajara Chivas,Monterrey,1,2,A,0.418369,0.290758,0.290873,0.322888,0.296237,0.380876,H,A
2023/2024,2023-09-04,Atl. San Luis,Atlas,2,0,H,0.449128,0.313293,0.237579,0.375127,0.290083,0.334791,H,H
2023/2024,2023-09-16,Club Tijuana,Toluca,2,1,H,0.215481,0.277595,0.506924,0.371298,0.258877,0.369825,A,H
2023/2024,2023-09-16,Mazatlan FC,Cruz Azul,2,2,D,0.258258,0.276179,0.465563,0.281095,0.265879,0.453026,A,A
2023/2024,2023-09-17,Club America,Guadalajara Chivas,4,0,H,0.541292,0.268625,0.190083,0.542965,0.24904,0.207995,H,H
2023/2024,2023-09-17,UNAM Pumas,Atl. San Luis,3,2,H,0.360439,0.306439,0.333123,0.488199,0.251337,0.260464,H,H
2023/2024,2023-09-17,Necaxa,Juarez,1,1,D,0.332371,0.27943,0.388199,0.324202,0.28997,0.385828,A,A
2023/2024,2023-09-17,Monterrey,Club Leon,3,1,H,0.573439,0.246577,0.179984,0.494259,0.256634,0.249107,H,H
2023/2024,2023-09-18,Atlas,Tigres UANL,2,0,H,0.29887,0.28036,0.42077,0.317314,0.30191,0.380776,A,A
2023/2024,2023-09-18,Queretaro,Puebla,1,1,D,0.356351,0.286599,0.35705,0.485927,0.254912,0.259161,A,H
2023/2024,2023-09-19,Pachuca,Santos Laguna,3,2,H,0.469914,0.258048,0.272039,0.435757,0.253402,0.31084,H,H
2023/2024,2023-09-21,Queretaro,Club America,1,2,A,0.176801,0.267895,0.555303,0.206878,0.234427,0.558695,A,A
2023/2024,2023-09-23,Atl. San Luis,Mazatlan FC,3,2,H,0.559405,0.271278,0.169318,0.59583,0.218564,0.185606,H,H
2023/2024,2023-09-23,Juarez,Atlas,1,2,A,0.404636,0.314022,0.281342,0.359217,0.307225,0.333558,H,H
2023/2024,2023-09-23,Puebla,UNAM Pumas,0,2,A,0.449754,0.284713,0.265533,0.275794,0.244749,0.479457,H,A
2023/2024,2023-09-24,Cruz Azul,Queretaro,1,3,A,0.562812,0.254737,0.182451,0.556228,0.247868,0.195904,H,H
2023/2024,2023-09-24,Tigres UANL,Monterrey,3,0,H,0.452815,0.295985,0.2512,0.385326,0.291108,0.323566,H,H
2023/2024,2023-09-24,Toluca,Club America,1,1,D,0.390287,0.299373,0.31034,0.314477,0.253116,0.432407,H,A
2023/2024,2023-09-24,Club Leon,Club Tijuana,1,0,H,0.563571,0.250303,0.186125,0.647376,0.201779,0.150845,H,H
2023/2024,2023-09-24,Guadalajara Chivas,Pachuca,0,0,D,0.485173,0.262051,0.252776,0.434952,0.283378,0.281671,H,H
2023/2024,2023-09-25,Santos Laguna,Necaxa,2,5,A,0.549267,0.258786,0.191947,0.665457,0.192091,0.142453,H,H
2023/2024,2023-09-27,Guadalajara Chivas,Mazatlan FC,1,3,A,0.600971,0.22098,0.17805,0.6478,0.208687,0.143513,H,H
2023/2024,2023-09-29,Atlas,Puebla,2,3,A,0.51242,0.272822,0.214759,0.610283,0.224455,0.165262,H,H
2023/2024,2023-09-30,Club Tijuana,Juarez,5,1,H,0.338805,0.280054,0.381141,0.425941,0.285263,0.288796,A,H
2023/2024,2023-09-30,Queretaro,Club Leon,1,1,D,0.35769,0.292455,0.349855,0.292686,0.277053,0.430262,H,A
2023/2024,2023-09-30,Atl. San Luis,Cruz Azul,1,2,A,0.463433,0.295608,0.240959,0.390186,0.266794,0.34302,H,H
2023/2024,2023-10-01,Mazatlan FC,Tigres UANL,2,3,A,0.205822,0.291293,0.502885,0.260564,0.263508,0.475928,A,A
2023/2024,2023-10-01,Club America,UNAM Pumas,1,0,H,0.670252,0.220782,0.108967,0.543565,0.238503,0.217933,H,H
2023/2024,2023-10-01,Pachuca,Necaxa,1,1,D,0.500757,0.246093,0.25315,0.542713,0.248924,0.208363,H,H
2023/2024,2023-10-02,Toluca,Guadalajara Chivas,1,1,D,0.507153,0.261712,0.231135,0.449087,0.266126,0.284787,H,H
2023/2024,2023-10-04,Puebla,Monterrey,1,1,D,0.281858,0.30788,0.410262,0.212942,0.241628,0.54543,A,A
2023/2024,2023-10-04,Club America,Pachuca,4,0,H,0.589274,0.253889,0.156837,0.607547,0.220147,0.172306,H,H
2023/2024,2023-10-05,Necaxa,Cruz Azul,1,3,A,0.387731,0.299673,0.312596,0.284611,0.27296,0.442429,H,A
2023/2024,2023-10-05,UNAM Pumas,Queretaro,4,0,H,0.477246,0.284354,0.2384,0.513126,0.25798,0.228894,H,H
2023/2024,2023-10-05,Santos Laguna,Club Tijuana,2,1,H,0.494727,0.279506,0.225768,0.57206,0.225231,0.202708,H,H
2023/2024,2023-10-05,Tigres UANL,Toluca,2,2,D,0.488749,0.293424,0.217827,0.606722,0.222465,0.170814,H,H
2023/2024,2023-10-07,Mazatlan FC,Club America,1,2,A,0.188556,0.304505,0.506939,0.201422,0.225204,0.573373,A,A
2023/2024,2023-10-08,Monterrey,Juarez,3,1,H,0.625742,0.219503,0.154755,0.643119,0.210027,0.146854,H,H
2023/2024,2023-10-08,Guadalajara Chivas,Atlas,4,1,H,0.487336,0.256094,0.25657,0.384389,0.311355,0.304256,H,H
2023/2024,2023-10-08,Pachuca,Tigres UANL,1,1,D,0.298466,0.266071,0.435463,0.329064,0.273258,0.397678,A,A
2023/2024,2023-10-08,Cruz Azul,UNAM Pumas,1,4,A,0.433869,0.295647,0.270483,0.410006,0.259671,0.330323,H,H
2023/2024,2023-10-08,Toluca,Queretaro,3,1,H,0.651945,0.222653,0.125401,0.57969,0.22708,0.19323,H,H
2023/2024,2023-10-09,Necaxa,Puebla,1,2,A,0.393291,0.308188,0.29852,0.431978,0.265077,0.302945,H,H
2023/2024,2023-10-09,Santos Laguna,Club Leon,0,2,A,0.427381,0.295363,0.277256,0.431726,0.242215,0.326059,H,H
2023/2024,2023-10-09,Club Tijuana,Atl. San Luis,2,1,H,0.346163,0.306925,0.346912,0.485207,0.253841,0.260952,A,H
2023/2024,2023-10-21,Puebla,Guadalajara Chivas,0,2,A,0.336112,0.295792,0.368096,0.265533,0.264781,0.469686,A,A
2023/2024,2023-10-21,Atlas,Mazatlan FC,1,3,A,0.48828,0.257796,0.253924,0.5661,0.237305,0.196595,H,H
2023/2024,2023-10-21,Juarez,Pachuca,0,1,A,0.301701,0.299143,0.399156,0.394309,0.28233,0.323361,A,H
2023/2024,2023-10-22,Club Leon,Toluca,1,0,H,0.361556,0.282974,0.35547,0.483531,0.253591,0.262878,H,H
2023/2024,2023-10-22,Club America,Santos Laguna,4,3,H,0.648889,0.224763,0.126347,0.690052,0.17984,0.130108,H,H
2023/2024,2023-10-22,Queretaro,Club Tijuana,1,0,H,0.384995,0.291548,0.323458,0.457719,0.276256,0.266025,H,H
2023/2024,2023-10-22,Tigres UANL,Cruz Azul,2,1,H,0.592754,0.242351,0.164895,0.589924,0.226233,0.183842,H,H
2023/2024,2023-10-22,UNAM Pumas,Monterrey,0,1,A,0.376564,0.332667,0.290769,0.408405,0.267979,0.323615,H,H
2023/2024,2023-10-23,Atl. San Luis,Necaxa,4,0,H,0.494021,0.270335,0.235644,0.542781,0.237553,0.219667,H,H
2023/2024,2023-10-25,Club Leon,Atlas,1,1,D,0.464926,0.27493,0.260144,0.534594,0.254223,0.211183,H,H
2023/2024,2023-10-26,Juarez,Atl. San Luis,3,2,H,0.271228,0.265213,0.46356,0.379735,0.27556,0.344704,A,H
2023/2024,2023-10-26,Monterrey,Club Tijuana,3,1,H,0.60132,0.235836,0.162844,0.603729,0.220703,0.175568,H,H
2023/2024,2023-10-28,Necaxa,UNAM Pumas,1,0,H,0.285379,0.302378,0.412243,0.23695,0.244393,0.518657,A,A
2023/2024,2023-10-28,Mazatlan FC,Queretaro,3,0,H,0.470727,0.303481,0.225793,0.414389,0.275851,0.30976,H,H
2023/2024,2023-10-29,Cruz Azul,Club Leon,1,0,H,0.4106,0.308848,0.280551,0.429667,0.265635,0.304698,H,H
2023/2024,2023-10-29,Guadalajara Chivas,Tigres UANL,0,4,A,0.423298,0.291505,0.285197,0.329004,0.290963,0.380033,H,A
2023/2024,2023-10-29,Pachuca,Puebla,1,1,D,0.568993,0.238771,0.192235,0.589076,0.222134,0.188791,H,H
2023/2024,2023-10-29,Toluca,Atl. San Luis,3,1,H,0.482379,0.25925,0.258371,0.568631,0.219425,0.211944,H,H
2023/2024,2023-10-29,Monterrey,Club America,0,3,A,0.398991,0.296012,0.304996,0.410351,0.261657,0.327992,H,H
2023/2024,2023-10-30,Club Tijuana,Atlas,2,0,H,0.363208,0.299477,0.337315,0.464528,0.2838,0.251672,H,H
2023/2024,2023-10-30,Santos Laguna,Juarez,5,1,H,0.517669,0.260148,0.222183,0.562704,0.230639,0.206657,H,H
2023/2024,2023-11-01,Queretaro,Guadalajara Chivas,1,2,A,0.247136,0.275185,0.477679,0.337686,0.296819,0.365495,A,A
2023/2024,2023-11-01,Toluca,Puebla,0,1,A,0.590916,0.251047,0.158038,0.643082,0.199672,0.157246,H,H
2023/2024,2023-11-01,Club Leon,UNAM Pumas,1,1,D,0.426656,0.273766,0.299579,0.516105,0.249773,0.234123,H,H
2023/2024,2023-11-01,Monterrey,Necaxa,3,0,H,0.674396,0.210989,0.114615,0.727759,0.172506,0.099736,H,H
2023/2024,2023-11-02,Atlas,Pachuca,0,2,A,0.393609,0.277883,0.328508,0.393499,0.291435,0.315065,H,H
2023/2024,2023-11-02,Cruz Azul,Juarez,2,0,H,0.52091,0.267089,0.212001,0.572397,0.236804,0.190799,H,H
2023/2024,2023-11-02,Atl. San Luis,Club America,0,1,A,0.285008,0.309491,0.405501,0.211095,0.236812,0.552094,A,A
2023/2024,2023-11-02,Club Tijuana,Tigres UANL,2,0,H,0.222403,0.291257,0.486339,0.293694,0.28561,0.420696,A,A
2023/2024,2023-11-02,Mazatlan FC,Santos Laguna,3,1,H,0.330577,0.31376,0.355663,0.33725,0.266909,0.39584,A,A
2023/2024,2023-11-04,Puebla,Club Leon,5,4,H,0.381817,0.297908,0.320275,0.250333,0.249001,0.500666,H,A
2023/2024,2023-11-04,Tigres UANL,Atl. San Luis,2,2,D,0.547576,0.245842,0.206582,0.653494,0.204485,0.142021,H,H
2023/2024,2023-11-05,Pachuca,Monterrey,0,2,A,0.403732,0.287611,0.308657,0.353278,0.273739,0.372983,H,A
2023/2024,2023-11-05,UNAM Pumas,Atlas,3,0,H,0.501538,0.272557,0.225905,0.508503,0.259902,0.231595,H,H
2023/2024,2023-11-05,Club America,Club Tijuana,3,0,H,0.721731,0.203675,0.074594,0.696507,0.180526,0.122967,H,H
2023/2024,2023-11-05,Guadalajara Chivas,Cruz Azul,1,0,H,0.523022,0.276272,0.200706,0.39895,0.283242,0.317808,H,H
2023/2024,2023-11-05,Necaxa,Mazatlan FC,4,0,H,0.30006,0.277972,0.421968,0.373803,0.270872,0.355326,A,H
2023/2024,2023-11-06,Juarez,Queretaro,0,3,A,0.442118,0.277154,0.280728,0.492805,0.265249,0.241946,H,H
2023/2024,2023-11-06,Santos Laguna,Toluca,3,1,H,0.372873,0.30448,0.322646,0.441049,0.24934,0.309611,H,H
2023/2024,2023-11-09,Monterrey,Santos Laguna,3,0,H,0.517045,0.258787,0.224168,0.543936,0.233309,0.222755,H,H
2023/2024,2023-11-11,Atlas,Necaxa,0,0,D,0.498959,0.251655,0.249386,0.510194,0.261528,0.228278,H,H
2023/2024,2023-11-11,Mazatlan FC,Toluca,1,0,H,0.282636,0.316078,0.401286,0.307425,0.242577,0.449998,A,A
2023/2024,2023-11-11,Club Tijuana,Pachuca,2,3,A,0.303324,0.301908,0.394768,0.433702,0.270278,0.296019,A,H
2023/2024,2023-11-11,Atl. San Luis,Santos Laguna,0,2,A,0.414158,0.279574,0.306268,0.407772,0.245091,0.347137,H,H
2023/2024,2023-11-11,Queretaro,Monterrey,0,0,D,0.215047,0.295604,0.489349,0.350516,0.275036,0.374447,A,A
2023/2024,2023-11-12,Tigres UANL,Club America,0,0,D,0.3987,0.304015,0.297285,0.381148,0.26911,0.349742,H,H
2023/2024,2023-11-12,UNAM Pumas,Guadalajara Chivas,1,0,H,0.442717,0.303861,0.253422,0.493947,0.25577,0.250284,H,H
2023/2024,2023-11-13,Cruz Azul,Puebla,1,2,A,0.450958,0.283315,0.265727,0.521866,0.232953,0.245181,H,H
2023/2024,2023-11-13,Club Leon,Juarez,2,1,H,0.623836,0.22805,0.148113,0.6736,0.192457,0.133943,H,H
2023/2024,2023-11-24,Atl. San Luis,Club Leon,3,2,H,0.354,0.270796,0.375204,0.335706,0.270511,0.393782,A,A
2023/2024,2023-11-24,Santos Laguna,Mazatlan FC,2,1,H,0.559921,0.278742,0.161337,0.580247,0.223492,0.19626,H,H
2023/2024,2023-11-27,Club Leon,Santos Laguna,3,2,H,0.518759,0.272855,0.208386,0.554364,0.224417,0.221219,H,H
2023/2024,2023-11-30,Club Leon,Club America,2,2,D,0.303294,0.322955,0.37375,0.299565,0.271699,0.428736,A,A
2023/2024,2023-11-30,Atl. San Luis,Monterrey,1,0,H,0.277702,0.294727,0.42757,0.271816,0.280794,0.44739,A,A
2023/2024,2023-12-01,Puebla,Tigres UANL,2,2,D,0.303734,0.308271,0.387995,0.249188,0.260263,0.490549,A,A
2023/2024,2023-12-01,Guadalajara Chivas,UNAM Pumas,1,0,H,0.461151,0.276499,0.26235,0.415575,0.290386,0.294039,H,H
2023/2024,2023-12-03,Monterrey,Atl. San Luis,1,1,D,0.638913,0.229158,0.131929,0.630874,0.212203,0.156923,H,H
2023/2024,2023-12-03,Club America,Club Leon,2,0,H,0.607174,0.22904,0.163786,0.615852,0.216689,0.167459,H,H
2023/2024,2023-12-04,UNAM Pumas,Guadalajara Chivas,3,0,H,0.453583,0.292805,0.253611,0.471284,0.274454,0.254262,H,H
2023/2024,2023-12-04,Tigres UANL,Puebla,3,0,H,0.602613,0.240851,0.156537,0.691763,0.188663,0.119575,H,H
2023/2024,2023-12-07,Atl. San Luis,Club America,0,5,A,0.239162,0.304097,0.456741,0.226454,0.252701,0.520845,A,A
2023/2024,2023-12-08,UNAM Pumas,Tigres UANL,0,1,A,0.323738,0.301784,0.374478,0.365549,0.31615,0.318301,A,H
2023/2024,2023-12-10,Club America,Atl. San Luis,0,2,A,0.773009,0.16926,0.057731,0.65793,0.198779,0.143291,H,H
2023/2024,2023-12-11,Tigres UANL,UNAM Pumas,1,1,D,0.584379,0.250141,0.16548,0.528006,0.254652,0.217342,H,H
2023/2024,2023-12-15,Tigres UANL,Club America,1,1,D,0.344241,0.285068,0.370691,0.343388,0.314483,0.34213,A,H
2023/2024,2023-12-18,Club America,Tigres UANL,0,0,D,0.586402,0.246208,0.16739,0.557843,0.267701,0.174457,H,H
2023/2024,2024-01-13,Queretaro,Toluca,2,2,D,0.297656,0.287957,0.414387,0.292366,0.281767,0.425867,A,A
2023/2024,2024-01-13,Mazatlan FC,Atl. San Luis,0,1,A,0.38982,0.321301,0.28888,0.345557,0.282728,0.371715,H,A
2023/2024,2024-01-14,Monterrey,Puebla,2,0,H,0.6249,0.229761,0.145339,0.69533,0.185977,0.118693,H,H
2023/2024,2024-01-14,Club Tijuana,Club America,0,2,A,0.168586,0.275295,0.556119,0.386281,0.288216,0.325503,A,H
2023/2024,2024-01-14,UNAM Pumas,Juarez,1,0,H,0.585361,0.23974,0.174899,0.588171,0.228894,0.182935,H,H
2023/2024,2024-01-14,Cruz Azul,Pachuca,0,1,A,0.373109,0.299026,0.327866,0.457618,0.263712,0.278669,H,H
2023/2024,2024-01-14,Guadalajara Chivas,Santos Laguna,1,1,D,0.466306,0.272553,0.261142,0.468955,0.268167,0.262879,H,H
2023/2024,2024-01-15,Necaxa,Atlas,2,1,H,0.362528,0.293644,0.343829,0.31487,0.31381,0.371321,H,A
2023/2024,2024-01-18,Club Leon,Tigres UANL,1,2,A,0.35728,0.307762,0.334958,0.386968,0.286951,0.326081,H,H
2023/2024,2024-01-20,Toluca,Mazatlan FC,4,1,H,0.616174,0.231375,0.152451,0.662475,0.197482,0.140043,H,H
2023/2024,2024-01-20,Juarez,Cruz Azul,0,0,D,0.316461,0.278585,0.404954,0.306965,0.292531,0.400504,A,A
2023/2024,2024-01-20,Puebla,Necaxa,1,2,A,0.518586,0.282836,0.198578,0.411192,0.274531,0.314278,H,H
2023/2024,2024-01-20,Atl. San Luis,UNAM Pumas,3,1,H,0.378545,0.294716,0.326739,0.343788,0.289505,0.366707,H,A
2023/2024,2024-01-21,Club America,Queretaro,2,0,H,0.727563,0.181282,0.091155,0.675858,0.198443,0.125699,H,H
2023/2024,2024-01-21,Atlas,Club Tijuana,0,0,D,0.462061,0.25664,0.281299,0.387423,0.299259,0.313318,H,H
2023/2024,2024-01-22,Tigres UANL,Guadalajara Chivas,1,0,H,0.567211,0.250134,0.182656,0.52678,0.271837,0.201383,H,H
2023/2024,2024-01-22,Santos Laguna,Monterrey,0,2,A,0.299093,0.299616,0.401291,0.315449,0.283808,0.400742,A,A
2023/2024,2024-01-25,Atl. San Luis,Tigres UANL,1,2,A,0.322887,0.31135,0.365763,0.317997,0.284168,0.397835,A,A
2023/2024,2024-01-25,Monterrey,Queretaro,1,1,D,0.638944,0.214939,0.146117,0.662872,0.209094,0.128034,H,H
2023/2024,2024-01-25,Juarez,Club America,0,2,A,0.163893,0.254604,0.581502,0.193427,0.241533,0.56504,A,A
2023/2024,2024-01-27,Puebla,Toluca,1,1,D,0.321711,0.272528,0.405761,0.280512,0.241472,0.478016,A,A
2023/2024,2024-01-27,Club Tijuana,Guadalajara Chivas,1,1,D,0.321462,0.288211,0.390327,0.38369,0.293481,0.322829,A,H
2023/2024,2024-01-27,Club Leon,Santos Laguna,3,2,H,0.484612,0.273755,0.241633,0.526213,0.240787,0.233,H,H
2023/2024,2024-01-27,Cruz Azul,Mazatlan FC,2,1,H,0.559195,0.243466,0.19734,0.622913,0.214305,0.162782,H,H
2023/2024,2024-01-28,UNAM Pumas,Pachuca,3,1,H,0.382102,0.301825,0.316073,0.463823,0.270006,0.266171,H,H
2023/2024,2024-01-28,Monterrey,Atl. San Luis,3,1,H,0.631322,0.228541,0.140137,0.627652,0.216482,0.155867,H,H
2023/2024,2024-01-28,Necaxa,Club America,0,0,D,0.203498,0.314431,0.482071,0.185544,0.246578,0.567877,A,A
2023/2024,2024-01-29,Queretaro,Tigres UANL,1,1,D,0.301445,0.315981,0.382575,0.209808,0.285519,0.504673,A,A
2023/2024,2024-01-29,Atlas,Juarez,2,1,H,0.501148,0.246377,0.252475,0.490182,0.278645,0.231172,H,H
2023/2024,2024-01-31,Cruz Azul,Club Tijuana,1,0,H,0.490294,0.255143,0.254563,0.610725,0.22301,0.166265,H,H
2023/2024,2024-01-31,Mazatlan FC,Club Leon,2,2,D,0.287078,0.283278,0.429644,0.29744,0.270791,0.431768,A,A
2023/2024,2024-01-31,Santos Laguna,Puebla,3,0,H,0.447144,0.271049,0.281807,0.546823,0.236726,0.216451,H,H
2023/2024,2024-01-31,Guadalajara Chivas,Toluca,3,2,H,0.390636,0.261163,0.348202,0.435771,0.272357,0.291872,H,H
2023/2024,2024-02-01,Pachuca,Atlas,4,3,H,0.569521,0.251893,0.178586,0.490073,0.270531,0.239396,H,H
2023/2024,2024-02-01,UNAM Pumas,Necaxa,2,2,D,0.506542,0.278269,0.215189,0.567568,0.243243,0.189189,H,H
2023/2024,2024-02-03,Queretaro,Cruz Azul,1,3,A,0.419481,0.286972,0.293547,0.235928,0.281271,0.482801,H,A
2023/2024,2024-02-03,Puebla,Mazatlan FC,3,2,H,0.451893,0.245666,0.302441,0.48727,0.252853,0.259877,H,H
2023/2024,2024-02-03,Toluca,Club Leon,4,1,H,0.477703,0.271049,0.251247,0.454623,0.269116,0.276261,H,H
2023/2024,2024-02-03,Juarez,Necaxa,2,2,D,0.39018,0.287388,0.322432,0.43836,0.282087,0.279553,H,H
2023/2024,2024-02-04,Pachuca,Club Tijuana,3,2,H,0.57305,0.246702,0.180248,0.62702,0.21727,0.15571,H,H
2023/2024,2024-02-04,Tigres UANL,UNAM Pumas,2,2,D,0.562636,0.249828,0.187536,0.538152,0.253763,0.208085,H,H
2023/2024,2024-02-04,Club America,Monterrey,1,1,D,0.525461,0.262038,0.212501,0.527742,0.260923,0.211336,H,H
2023/2024,2024-02-05,Atl. San Luis,Guadalajara Chivas,0,2,A,0.393141,0.296737,0.310123,0.31525,0.286328,0.398422,H,A
2023/2024,2024-02-05,Atlas,Santos Laguna,3,0,H,0.354148,0.27907,0.366782,0.419601,0.28615,0.294249,A,H
2023/2024,2024-02-08,Pachuca,Club Leon,3,2,H,0.50136,0.278265,0.220375,0.415145,0.261646,0.32321,H,H
2023/2024,2024-02-10,Guadalajara Chivas,Juarez,2,1,H,0.621572,0.227268,0.15116,0.635847,0.217878,0.146275,H,H
2023/2024,2024-02-10,Necaxa,Toluca,3,3,D,0.259353,0.294202,0.446445,0.27156,0.256639,0.471801,A,A
2023/2024,2024-02-10,Mazatlan FC,Atlas,2,0,H,0.331758,0.287117,0.381124,0.359724,0.288667,0.351609,A,H
2023/2024,2024-02-10,Club Tijuana,Queretaro,1,1,D,0.40749,0.268468,0.324041,0.541777,0.24994,0.208283,H,H
2023/2024,2024-02-11,Club Leon,Club America,0,1,A,0.296676,0.309111,0.394213,0.286885,0.264257,0.448858,A,A
2023/2024,2024-02-11,Cruz Azul,Atl. San Luis,3,0,H,0.425446,0.290728,0.283826,0.581842,0.22737,0.190787,H,H
2023/2024,2024-02-11,Monterrey,Pachuca,3,2,H,0.540072,0.269565,0.190363,0.550558,0.235755,0.213687,H,H
2023/2024,2024-02-11,Santos Laguna,Tigres UANL,0,3,A,0.339176,0.300552,0.360272,0.281624,0.271012,0.447364,A,A
2023/2024,2024-02-11,UNAM Pumas,Puebla,3,0,H,0.485355,0.279104,0.235541,0.569357,0.231125,0.199518,H,H
2023/2024,2024-02-15,Atlas,UNAM Pumas,0,0,D,0.340885,0.298155,0.36096,0.325658,0.303454,0.370888,A,A
2023/2024,2024-02-17,Atl. San Luis,Club Tijuana,3,3,D,0.470904,0.261176,0.267919,0.451295,0.263893,0.284811,H,H
2023/2024,2024-02-17,Mazatlan FC,Guadalajara Chivas,2,2,D,0.297478,0.31311,0.389411,0.257679,0.268818,0.473502,A,A
2023/2024,2024-02-17,Queretaro,Necaxa,1,1,D,0.386686,0.278407,0.334907,0.34714,0.296446,0.356414,H,A
2023/2024,2024-02-18,Pachuca,Club America,2,1,H,0.390118,0.321487,0.288395,0.268123,0.249533,0.482344,H,A
2023/2024,2024-02-18,Cruz Azul,Tigres UANL,1,0,H,0.303203,0.326047,0.37075,0.400611,0.287207,0.312182,A,H
2023/2024,2024-02-18,Atlas,Club Leon,0,1,A,0.379887,0.289535,0.330578,0.358519,0.287035,0.354445,H,H
2023/2024,2024-02-19,UNAM Pumas,Santos Laguna,3,0,H,0.518436,0.272341,0.209224,0.587585,0.232403,0.180012,H,H
2023/2024,2024-02-19,Monterrey,Toluca,0,0,D,0.485375,0.267958,0.246668,0.554347,0.236371,0.209282,H,H
2023/2024,2024-02-21,Puebla,Pachuca,1,4,A,0.290003,0.286871,0.423126,0.240788,0.235936,0.523276,A,A
2023/2024,2024-02-21,Necaxa,Guadalajara Chivas,1,0,H,0.358507,0.308338,0.333154,0.265127,0.282749,0.452125,H,A
2023/2024,2024-02-22,Club Leon,Cruz Azul,2,3,A,0.481578,0.287783,0.230638,0.34681,0.26303,0.390161,H,A
2023/2024,2024-02-22,Club America,Mazatlan FC,2,2,D,0.683799,0.19145,0.124751,0.771691,0.147745,0.080565,H,H
2023/2024,2024-02-22,Toluca,Santos Laguna,1,0,H,0.579799,0.247912,0.172289,0.637314,0.199755,0.162931,H,H
2023/2024,2024-02-24,Puebla,Queretaro,0,2,A,0.404251,0.275352,0.320397,0.430866,0.274188,0.294946,H,H
2023/2024,2024-02-24,Juarez,Monterrey,0,3,A,0.197975,0.277911,0.524114,0.205595,0.249339,0.545066,A,A
2023/2024,2024-02-24,Necaxa,Pachuca,1,1,D,0.291955,0.309445,0.3986,0.317888,0.267171,0.414942,A,A
2023/2024,2024-02-24,Club Leon,Atl. San Luis,1,0,H,0.442578,0.260806,0.296616,0.476574,0.251098,0.272328,H,H
2023/2024,2024-02-25,Club America,Cruz Azul,1,0,H,0.655779,0.217984,0.126237,0.468053,0.262951,0.268996,H,H
2023/2024,2024-02-25,Toluca,Club Tijuana,2,0,H,0.548834,0.25507,0.196096,0.650315,0.203135,0.14655,H,H
2023/2024,2024-02-25,Tigres UANL,Atlas,1,1,D,0.623998,0.224335,0.151667,0.605592,0.239746,0.154662,H,H
2023/2024,2024-02-25,Guadalajara Chivas,UNAM Pumas,3,1,H,0.424555,0.293762,0.281683,0.441694,0.275409,0.282897,H,H
2023/2024,2024-02-26,Santos Laguna,Mazatlan FC,1,0,H,0.397001,0.264613,0.338386,0.464886,0.260284,0.27483,H,H
2023/2024,2024-02-28,Queretaro,Atl. San Luis,4,1,H,0.396412,0.279952,0.323636,0.358488,0.284393,0.357119,H,H
2023/2024,2024-02-29,Tigres UANL,Juarez,1,0,H,0.716773,0.18188,0.101347,0.682552,0.199381,0.118068,H,H
2023/2024,2024-02-29,Club Tijuana,Monterrey,1,1,D,0.231633,0.290752,0.477615,0.252554,0.266945,0.480501,A,A
2023/2024,2024-03-02,Toluca,Tigres UANL,2,1,H,0.376048,0.309659,0.314292,0.486999,0.265636,0.247365,H,H
2023/2024,2024-03-02,Atl. San Luis,Puebla,4,0,H,0.489064,0.255891,0.255045,0.524538,0.24378,0.231682,H,H
2023/2024,2024-03-02,Queretaro,Santos Laguna,0,1,A,0.502402,0.286172,0.211426,0.38034,0.297027,0.322633,H,H
2023/2024,2024-03-02,Mazatlan FC,Necaxa,2,1,H,0.378695,0.30158,0.319725,0.438593,0.287447,0.27396,H,H
2023/2024,2024-03-03,Atlas,Club America,1,5,A,0.246464,0.28724,0.466296,0.239986,0.267412,0.492602,A,A
2023/2024,2024-03-03,Pachuca,Juarez,3,2,H,0.681353,0.20961,0.109037,0.649753,0.205185,0.145061,H,H
2023/2024,2024-03-03,Cruz Azul,Guadalajara Chivas,3,0,H,0.399744,0.314938,0.285318,0.491561,0.258716,0.249723,H,H
2023/2024,2024-03-04,Monterrey,UNAM Pumas,3,0,H,0.562924,0.249535,0.187541,0.562517,0.24254,0.194943,H,H
2023/2024,2024-03-04,Club Tijuana,Club Leon,1,1,D,0.368956,0.294316,0.336728,0.413277,0.266859,0.319865,H,H
2023/2024,2024-03-09,Puebla,Atlas,2,2,D,0.380294,0.274578,0.345128,0.300617,0.278249,0.421134,H,A
2023/2024,2024-03-09,Necaxa,Atl. San Luis,3,1,H,0.388763,0.283666,0.327571,0.356113,0.286415,0.357472,H,A
2023/2024,2024-03-09,Juarez,Toluca,1,1,D,0.272499,0.302516,0.424984,0.255586,0.258403,0.486011,A,A
2023/2024,2024-03-09,Guadalajara Chivas,Club Leon,1,2,A,0.507923,0.270471,0.221606,0.482264,0.262807,0.25493,H,H
2023/2024,2024-03-10,UNAM Pumas,Club Tijuana,3,3,D,0.51632,0.261984,0.221696,0.581629,0.232941,0.18543,H,H
2023/2024,2024-03-10,Club America,Tigres UANL,2,0,H,0.553137,0.257365,0.189497,0.527463,0.265986,0.206551,H,H
2023/2024,2024-03-10,Santos Laguna,Cruz Azul,3,0,H,0.32324,0.288742,0.388018,0.219615,0.248819,0.531567,A,A
2023/2024,2024-03-10,Pachuca,Queretaro,1,2,A,0.616225,0.244944,0.13883,0.456676,0.257902,0.285422,H,H
2023/2024,2024-03-11,Monterrey,Mazatlan FC,2,1,H,0.690772,0.209326,0.099902,0.674289,0.197318,0.128392,H,H
2023/2024,2024-03-16,Queretaro,Juarez,1,0,H,0.505012,0.27567,0.219318,0.478649,0.275118,0.246234,H,H
2023/2024,2024-03-16,Club Tijuana,Santos Laguna,2,2,D,0.433589,0.303868,0.262543,0.511135,0.261279,0.227586,H,H
2023/2024,2024-03-16,Cruz Azul,Necaxa,1,2,A,0.48223,0.28187,0.2359,0.675565,0.199632,0.124803,H,H
2023/2024,2024-03-17,Atlas,Monterrey,1,2,A,0.230234,0.282775,0.48699,0.265772,0.280095,0.454134,A,A
2023/2024,2024-03-17,Guadalajara Chivas,Club America,0,0,D,0.273079,0.279111,0.447811,0.261664,0.269958,0.468378,A,A
2023/2024,2024-03-17,Tigres UANL,Mazatlan FC,5,1,H,0.625467,0.210607,0.163926,0.590014,0.231635,0.17835,H,H
2023/2024,2024-03-17,Club Leon,Puebla,2,1,H,0.534176,0.260238,0.205586,0.625418,0.208473,0.166109,H,H
2023/2024,2024-03-18,Atl. San Luis,Pachuca,2,1,H,0.322246,0.302287,0.375467,0.276052,0.260673,0.463275,A,A
2023/2024,2024-03-18,Toluca,UNAM Pumas,3,0,H,0.454971,0.275771,0.269258,0.528116,0.24664,0.225245,H,H
2023/2024,2024-03-24,Juarez,Puebla,4,3,H,0.361079,0.272127,0.366794,0.475084,0.253636,0.27128,A,H
2023/2024,2024-03-30,Puebla,Tigres UANL,2,3,A,0.23059,0.275641,0.493769,0.224179,0.243395,0.532426,A,A
2023/2024,2024-03-30,Club America,Atl. San Luis,2,1,H,0.681485,0.207424,0.111092,0.623664,0.209283,0.167053,H,H
2023/2024,2024-03-30,Mazatlan FC,Club Tijuana,2,0,H,0.359837,0.284399,0.355764,0.414337,0.259391,0.326272,H,H
2023/2024,2024-03-31,Monterrey,Guadalajara Chivas,0,2,A,0.583112,0.253232,0.163656,0.531262,0.254774,0.213964,H,H
2023/2024,2024-03-31,Pachuca,Toluca,2,3,A,0.534536,0.278495,0.186969,0.422414,0.257882,0.319704,H,H
2023/2024,2024-03-31,UNAM Pumas,Cruz Azul,0,0,D,0.418035,0.279751,0.302214,0.302717,0.265632,0.431652,H,A
2023/2024,2024-04-01,Atlas,Queretaro,2,3,A,0.433576,0.289421,0.277003,0.451904,0.286068,0.262028,H,H
2023/2024,2024-04-01,Necaxa,Club Leon,1,2,A,0.403342,0.311794,0.284864,0.347202,0.271723,0.381075,H,A
2023/2024,2024-04-01,Juarez,Santos Laguna,2,1,H,0.339571,0.3156,0.344829,0.417242,0.273281,0.309477,A,H
2023/2024,2024-04-06,Mazatlan FC,UNAM Pumas,0,4,A,0.333361,0.289164,0.377476,0.380774,0.272298,0.346928,A,H
2023/2024,2024-04-06,Club Tijuana,Necaxa,2,3,A,0.378588,0.294938,0.326474,0.531916,0.245715,0.222369,H,H
2023/2024,2024-04-07,Santos Laguna,Club America,1,1,D,0.242012,0.318341,0.439647,0.192701,0.240876,0.566423,A,A
2023/2024,2024-04-07,Toluca,Atlas,4,1,H,0.563212,0.256213,0.180575,0.64003,0.206279,0.153691,H,H
2023/2024,2024-04-07,Cruz Azul,Monterrey,2,1,H,0.34292,0.28684,0.37024,0.480913,0.26207,0.257017,A,H
2023/2024,2024-04-07,Guadalajara Chivas,Puebla,3,2,H,0.535611,0.239337,0.225052,0.703406,0.180954,0.11564,H,H
2023/2024,2024-04-07,Tigres UANL,Pachuca,0,3,A,0.4778,0.268302,0.253898,0.38644,0.267196,0.346365,H,H
2023/2024,2024-04-07,Club Leon,Queretaro,0,2,A,0.475506,0.299124,0.22537,0.508225,0.25138,0.240394,H,H
2023/2024,2024-04-08,Atl. San Luis,Juarez,2,3,A,0.523598,0.270533,0.205869,0.520661,0.247934,0.231405,H,H
2023/2024,2024-04-13,Queretaro,Mazatlan FC,0,2,A,0.534317,0.276936,0.188747,0.491932,0.257485,0.250582,H,H
2023/2024,2024-04-13,Necaxa,Santos Laguna,2,0,H,0.41149,0.306965,0.281545,0.465794,0.276996,0.25721,H,H
2023/2024,2024-04-13,Puebla,Cruz Azul,0,1,A,0.388835,0.302756,0.308408,0.159722,0.195885,0.644394,H,A
2023/2024,2024-04-14,Club America,Toluca,5,1,H,0.584213,0.253057,0.16273,0.541607,0.245926,0.212467,H,H
2023/2024,2024-04-14,Monterrey,Tigres UANL,3,3,D,0.453196,0.270519,0.276284,0.444798,0.279663,0.275539,H,H
2023/2024,2024-04-14,Pachuca,Guadalajara Chivas,0,1,A,0.53808,0.264938,0.196981,0.447991,0.268281,0.283728,H,H
2023/2024,2024-04-15,Atlas,Atl. San Luis,2,1,H,0.340791,0.279825,0.379384,0.403408,0.270493,0.326099,A,H
2023/2024,2024-04-15,UNAM Pumas,Club Leon,1,0,H,0.488076,0.28209,0.229834,0.481973,0.249341,0.268686,H,H
2023/2024,2024-04-15,Juarez,Club Tijuana,0,1,A,0.34709,0.306617,0.346292,0.401342,0.281665,0.316993,H,H
2023/2024,2024-04-20,Mazatlan FC,Juarez,0,2,A,0.432631,0.292613,0.274755,0.462692,0.257476,0.279832,H,H
2023/2024,2024-04-20,Atl. San Luis,Toluca,1,5,A,0.309819,0.292629,0.397551,0.245949,0.234826,0.519225,A,A
2023/2024,2024-04-20,Club Tijuana,Puebla,3,1,H,0.357323,0.276051,0.366626,0.62039,0.210514,0.169095,A,H
2023/2024,2024-04-21,UNAM Pumas,Club America,2,1,H,0.262862,0.303202,0.433936,0.267999,0.261993,0.470008,A,A
2023/2024,2024-04-21,Tigres UANL,Necaxa,5,2,H,0.609655,0.247199,0.143146,0.592115,0.227626,0.180259,H,H
2023/2024,2024-04-21,Guadalajara Chivas,Queretaro,2,0,H,0.591524,0.256704,0.151772,0.599832,0.228787,0.171381,H,H
2023/2024,2024-04-21,Club Leon,Monterrey,2,0,H,0.297173,0.292115,0.410712,0.333813,0.270138,0.396049,A,A
2023/2024,2024-04-21,Santos Laguna,Pachuca,0,2,A,0.300793,0.278488,0.420719,0.355961,0.266462,0.377578,A,A
2023/2024,2024-04-22,Cruz Azul,Atlas,2,2,D,0.483473,0.255303,0.261224,0.690809,0.189167,0.120025,H,H
2023/2024,2024-04-27,Puebla,Club America,1,2,A,0.180734,0.272624,0.546642,0.152681,0.192511,0.654808,A,A
2023/2024,2024-04-27,Queretaro,UNAM Pumas,1,1,D,0.361257,0.309929,0.328814,0.294413,0.279428,0.426159,H,A
2023/2024,2024-04-28,Juarez,Club Leon,1,1,D,0.317259,0.344056,0.338685,0.331863,0.262686,0.40545,D,A
2023/2024,2024-04-28,Toluca,Cruz Azul,0,1,A,0.562259,0.283187,0.154554,0.366513,0.269838,0.363649,H,H
2023/2024,2024-04-28,Tigres UANL,Club Tijuana,4,1,H,0.67276,0.226682,0.100558,0.619833,0.213245,0.166921,H,H
2023/2024,2024-04-28,Pachuca,Mazatlan FC,1,1,D,0.708389,0.197225,0.094386,0.595669,0.213129,0.191202,H,H
2023/2024,2024-04-28,Atlas,Guadalajara Chivas,0,1,A,0.345401,0.319394,0.335205,0.249912,0.267098,0.48299,H,A
2023/2024,2024-04-29,Necaxa,Monterrey,2,5,A,0.284312,0.302546,0.413142,0.296449,0.274587,0.428963,A,A
2023/2024,2024-04-29,Santos Laguna,Atl. San Luis,0,3,A,0.454228,0.257333,0.288438,0.438507,0.266371,0.295122,H,H
2023/2024,2024-05-03,Necaxa,Queretaro,1,1,D,0.448126,0.296435,0.255438,0.419212,0.285885,0.294903,H,H
2023/2024,2024-05-03,Pachuca,UNAM Pumas,0,0,D,0.539583,0.26879,0.191627,0.374151,0.271614,0.354234,H,H
2023/2024,2024-05-06,Pachuca,Necaxa,2,1,H,0.580244,0.241154,0.178602,0.598853,0.226201,0.174946,H,H
2023/2024,2024-05-09,Guadalajara Chivas,Toluca,1,0,H,0.383943,0.299581,0.316476,0.39094,0.29017,0.31889,H,H
2023/2024,2024-05-09,Pachuca,Club America,1,1,D,0.312397,0.283206,0.404397,0.296019,0.270278,0.433702,A,A
2023/2024,2024-05-10,UNAM Pumas,Cruz Azul,0,2,A,0.492607,0.296884,0.210509,0.336097,0.290313,0.37359,H,A
2023/2024,2024-05-10,Tigres UANL,Monterrey,1,2,A,0.43707,0.290307,0.272623,0.358096,0.28517,0.356734,H,H
2023/2024,2024-05-12,Club America,Pachuca,1,1,D,0.631103,0.233099,0.135799,0.474906,0.257023,0.26807,H,H
2023/2024,2024-05-12,Toluca,Guadalajara Chivas,0,0,D,0.54021,0.284786,0.175004,0.517307,0.250354,0.232339,H,H
2023/2024,2024-05-13,Cruz Azul,UNAM Pumas,2,2,D,0.486133,0.294235,0.219632,0.478096,0.244665,0.277239,H,H
2023/2024,2024-05-13,Monterrey,Tigres UANL,1,1,D,0.452001,0.270022,0.277977,0.399309,0.275993,0.324698,H,H
2023/2024,2024-05-16,Guadalajara Chivas,Club America,0,0,D,0.277651,0.283421,0.438929,0.286957,0.302744,0.410298,A,A
2023/2024,2024-05-17,Monterrey,Cruz Azul,0,1,A,0.593,0.255243,0.151757,0.44404,0.283806,0.272154,H,H
2023/2024,2024-05-19,Club America,Guadalajara Chivas,1,0,H,0.620087,0.231908,0.148005,0.51204,0.266961,0.220999,H,H
2023/2024,2024-05-20,Cruz Azul,Monterrey,1,2,A,0.363837,0.296393,0.33977,0.412903,0.279788,0.307308,H,H
2023/2024,2024-05-24,Cruz Azul,Club America,1,1,D,0.337357,0.307802,0.354841,0.300907,0.296161,0.402932,A,A
2023/2024,2024-05-27,Club America,Cruz Azul,1,0,H,0.597552,0.226814,0.175634,0.506389,0.274727,0.218883,H,H
2024/2025,2024-07-05,Puebla,Santos Laguna,1,0,H,0.412436,0.26132,0.326244,0.495298,0.255072,0.24963,H,H
2024/2025,2024-07-06,Queretaro,Club Tijuana,1,2,A,0.508228,0.255669,0.236103,0.356873,0.296828,0.346299,H,H
2024/2025,2024-07-06,Juarez,Atlas,2,2,D,0.385157,0.285897,0.328946,0.432798,0.274148,0.293054,H,H
2024/2025,2024-07-07,UNAM Pumas,Club Leon,4,1,H,0.45109,0.283801,0.265109,0.441211,0.266486,0.292302,H,H
2024/2025,2024-07-07,Cruz Azul,Mazatlan FC,1,0,H,0.634294,0.221785,0.14392,0.706827,0.181167,0.112006,H,H
2024/2025,2024-07-07,Tigres UANL,Necaxa,1,0,H,0.667605,0.202152,0.130243,0.66435,0.201448,0.134202,H,H
2024/2025,2024-07-07,Guadalajara Chivas,Toluca,0,0,D,0.425193,0.283819,0.290988,0.397671,0.278963,0.323366,H,H
2024/2025,2024-07-07,Atl. San Luis,Club America,2,1,H,0.247037,0.305116,0.447847,0.213196,0.247037,0.539768,A,A
2024/2025,2024-07-08,Pachuca,Monterrey,0,1,A,0.395164,0.295967,0.308869,0.385009,0.287868,0.327123,H,H
2024/2025,2024-07-13,Club America,Queretaro,3,1,H,0.651199,0.215064,0.133738,0.676944,0.192219,0.130838,H,H
2024/2025,2024-07-13,Club Tijuana,Guadalajara Chivas,4,2,H,0.267717,0.321438,0.410845,0.413052,0.294852,0.292096,A,H
2024/2025,2024-07-13,Mazatlan FC,Atl. San Luis,2,2,D,0.33923,0.275941,0.384829,0.412597,0.269912,0.31749,A,H
2024/2025,2024-07-13,Atlas,Tigres UANL,1,1,D,0.21897,0.28802,0.49301,0.24812,0.267152,0.484729,A,A
2024/2025,2024-07-14,Monterrey,Cruz Azul,0,4,A,0.522478,0.276229,0.201292,0.443788,0.286358,0.269854,H,H
2024/2025,2024-07-14,Santos Laguna,UNAM Pumas,1,1,D,0.289061,0.281301,0.429637,0.25047,0.278797,0.470733,A,A
2024/2025,2024-07-14,Necaxa,Puebla,4,1,H,0.485522,0.250289,0.264189,0.468454,0.255986,0.275561,H,H
2024/2025,2024-07-14,Club Leon,Pachuca,0,0,D,0.362866,0.294793,0.342341,0.295694,0.266292,0.438014,H,A
2024/2025,2024-07-14,Toluca,Juarez,3,2,H,0.654026,0.213972,0.132002,0.673297,0.193765,0.132938,H,H
2024/2025,2024-07-17,Puebla,Club Leon,2,2,D,0.292434,0.288469,0.419097,0.324042,0.261587,0.414372,A,A
2024/2025,2024-07-17,Atlas,Santos Laguna,1,0,H,0.459594,0.269869,0.270537,0.532623,0.253356,0.214022,H,H
2024/2025,2024-07-17,Pachuca,Atl. San Luis,2,0,H,0.564994,0.241795,0.193211,0.542276,0.237503,0.22022,H,H
2024/2025,2024-07-17,Queretaro,Guadalajara Chivas,0,2,A,0.302227,0.288399,0.409373,0.263338,0.290242,0.44642,A,A
2024/2025,2024-07-17,Cruz Azul,Club Tijuana,3,0,H,0.645235,0.220757,0.134008,0.6685,0.197032,0.134468,H,H
2024/2025,2024-07-18,Tigres UANL,Club America,1,0,H,0.414872,0.30315,0.281978,0.435675,0.279613,0.284712,H,H
2024/2025,2024-07-18,Necaxa,Monterrey,0,1,A,0.348383,0.2941,0.357516,0.3534,0.277896,0.368704,A,A
2024/2025,2024-07-18,Juarez,UNAM Pumas,1,2,A,0.292032,0.293083,0.414885,0.298773,0.270277,0.430949,A,A
2024/2025,2024-07-18,Toluca,Mazatlan FC,3,0,H,0.606781,0.230959,0.162261,0.764636,0.145364,0.09,H,H
2024/2025,2024-07-20,Atl. San Luis,Club Tijuana,1,1,D,0.478915,0.266229,0.254856,0.408003,0.259228,0.332768,H,H
2024/2025,2024-07-20,Puebla,Atlas,1,2,A,0.354332,0.286545,0.359123,0.314242,0.280372,0.405386,A,A
2024/2025,2024-07-21,Guadalajara Chivas,Mazatlan FC,2,0,H,0.645246,0.211609,0.143145,0.578159,0.230694,0.191147,H,H
2024/2025,2024-07-21,Monterrey,Queretaro,2,1,H,0.567041,0.244569,0.188389,0.703894,0.188746,0.10736,H,H
2024/2025,2024-07-21,Santos Laguna,Tigres UANL,0,3,A,0.252524,0.291831,0.455645,0.1652,0.229422,0.605378,A,A
2024/2025,2024-07-21,Cruz Azul,Toluca,1,1,D,0.474853,0.292276,0.232871,0.48287,0.247168,0.269962,H,H
2024/2025,2024-07-21,Juarez,Club America,1,2,A,0.191595,0.289465,0.518939,0.279779,0.278118,0.442103,A,A
2024/2025,2024-07-22,Club Leon,Necaxa,1,1,D,0.449787,0.275166,0.275048,0.371939,0.271678,0.356383,H,H
2024/2025,2024-07-22,UNAM Pumas,Pachuca,2,0,H,0.402054,0.301634,0.296312,0.468173,0.257238,0.274588,H,H
2024/2025,2024-08-17,Puebla,Monterrey,1,2,A,0.267344,0.304181,0.428474,0.248827,0.248167,0.503006,A,A
2024/2025,2024-08-19,Club Tijuana,Santos Laguna,3,1,H,0.440113,0.27439,0.285497,0.649598,0.200734,0.149667,H,H
2024/2025,2024-08-19,Atl. San Luis,Queretaro,4,0,H,0.447203,0.271699,0.281098,0.514806,0.249188,0.236007,H,H
2024/2025,2024-08-24,Queretaro,Cruz Azul,0,2,A,0.238437,0.287236,0.474328,0.126123,0.198804,0.675074,A,A
2024/2025,2024-08-24,Mazatlan FC,Pachuca,3,0,H,0.251172,0.290168,0.45866,0.311629,0.2959,0.39247,A,A
2024/2025,2024-08-24,Club Tijuana,Monterrey,2,2,D,0.323201,0.320448,0.356352,0.313334,0.264652,0.422013,A,A
2024/2025,2024-08-25,Club America,Puebla,0,1,A,0.733089,0.1771,0.089811,0.681194,0.189144,0.129662,H,H
2024/2025,2024-08-25,Toluca,Atl. San Luis,2,1,H,0.550275,0.258422,0.191303,0.639548,0.20218,0.158272,H,H
2024/2025,2024-08-25,Tigres UANL,Guadalajara Chivas,1,1,D,0.474664,0.289625,0.235711,0.454857,0.279703,0.26544,H,H
2024/2025,2024-08-25,Necaxa,Juarez,3,0,H,0.512335,0.246653,0.241013,0.429621,0.273054,0.297325,H,H
2024/2025,2024-08-25,Atlas,UNAM Pumas,2,1,H,0.312971,0.30687,0.380159,0.318727,0.312353,0.36892,A,A
2024/2025,2024-08-25,Club Leon,Santos Laguna,1,1,D,0.542757,0.24359,0.213653,0.636457,0.212152,0.15139,H,H
2024/2025,2024-08-31,Atl. San Luis,Atlas,2,1,H,0.515826,0.267777,0.216397,0.365986,0.288285,0.345729,H,H
2024/2025,2024-08-31,Mazatlan FC,Puebla,1,1,D,0.455363,0.262779,0.281858,0.563808,0.251592,0.1846,H,H
2024/2025,2024-08-31,Club Tijuana,Club Leon,2,1,H,0.38353,0.28952,0.32695,0.473014,0.260158,0.266828,H,H
2024/2025,2024-09-01,Pachuca,Queretaro,1,1,D,0.595654,0.221741,0.182605,0.627188,0.217835,0.154977,H,H
2024/2025,2024-09-01,Guadalajara Chivas,Juarez,5,0,H,0.650982,0.207065,0.141953,0.580125,0.231188,0.188687,H,H
2024/2025,2024-09-01,Monterrey,Toluca,1,2,A,0.453958,0.295262,0.25078,0.484644,0.256968,0.258388,H,H
2024/2025,2024-09-01,Cruz Azul,Club America,4,1,H,0.391526,0.310811,0.297663,0.391476,0.287002,0.321522,H,H
2024/2025,2024-09-02,UNAM Pumas,Tigres UANL,1,3,A,0.388719,0.3169,0.294381,0.456589,0.272889,0.270522,H,H
2024/2025,2024-09-02,Santos Laguna,Necaxa,3,2,H,0.329191,0.286443,0.384367,0.305899,0.266681,0.42742,A,A
2024/2025,2024-09-14,Toluca,Club Tijuana,4,0,H,0.591115,0.249132,0.159753,0.680437,0.18207,0.137493,H,H
2024/2025,2024-09-14,Tigres UANL,Atl. San Luis,1,0,H,0.606716,0.241329,0.151955,0.640763,0.199046,0.160191,H,H
2024/2025,2024-09-14,Necaxa,UNAM Pumas,2,0,H,0.419519,0.287694,0.292787,0.293241,0.287844,0.418915,H,A
2024/2025,2024-09-14,Atlas,Pachuca,2,0,H,0.334045,0.308804,0.357152,0.367584,0.302367,0.330049,A,H
2024/2025,2024-09-14,Puebla,Queretaro,2,1,H,0.439546,0.267147,0.293307,0.483082,0.267003,0.249915,H,H
2024/2025,2024-09-14,Juarez,Mazatlan FC,1,0,H,0.353253,0.270067,0.37668,0.369843,0.286148,0.344009,A,H
2024/2025,2024-09-15,Club America,Guadalajara Chivas,1,0,H,0.436466,0.283896,0.279639,0.471911,0.27892,0.249169,H,H
2024/2025,2024-09-15,Club Leon,Cruz Azul,1,2,A,0.299177,0.302532,0.398291,0.230581,0.262141,0.507278,A,A
2024/2025,2024-09-15,Santos Laguna,Monterrey,0,2,A,0.251081,0.29537,0.453549,0.157954,0.21447,0.627576,A,A
2024/2025,2024-09-18,Atl. San Luis,Cruz Azul,3,1,H,0.313323,0.312014,0.374663,0.205605,0.242891,0.551505,A,A
2024/2025,2024-09-18,Club America,Atlas,3,0,H,0.647846,0.223749,0.128405,0.590725,0.24333,0.165946,H,H
2024/2025,2024-09-18,Queretaro,Tigres UANL,1,0,H,0.223577,0.29601,0.480413,0.174321,0.229437,0.596243,A,A
2024/2025,2024-09-18,UNAM Pumas,Puebla,1,0,H,0.555767,0.251038,0.193195,0.618352,0.222312,0.159336,H,H
2024/2025,2024-09-18,Pachuca,Toluca,2,2,D,0.330396,0.301573,0.368031,0.354761,0.267591,0.377648,A,A
2024/2025,2024-09-19,Guadalajara Chivas,Club Leon,2,0,H,0.570424,0.248125,0.181451,0.568991,0.241346,0.189664,H,H
2024/2025,2024-09-19,Mazatlan FC,Necaxa,0,0,D,0.32368,0.290622,0.385698,0.465352,0.271906,0.262741,A,H
2024/2025,2024-09-19,Monterrey,Juarez,3,2,H,0.739756,0.174413,0.085831,0.671227,0.193756,0.135017,H,H
2024/2025,2024-09-21,Puebla,Pachuca,2,3,A,0.293544,0.289201,0.417255,0.21489,0.238462,0.546649,A,A
2024/2025,2024-09-21,Atlas,Queretaro,0,1,A,0.476975,0.274226,0.2488,0.571712,0.256879,0.171409,H,H
2024/2025,2024-09-22,Cruz Azul,Guadalajara Chivas,1,0,H,0.397786,0.308489,0.293725,0.531936,0.258621,0.209443,H,H
2024/2025,2024-09-22,Necaxa,Club America,1,1,D,0.301568,0.310182,0.388251,0.253064,0.266763,0.480173,A,A
2024/2025,2024-09-22,Club Leon,Atl. San Luis,1,0,H,0.422501,0.276586,0.300914,0.397628,0.25091,0.351462,H,H
2024/2025,2024-09-22,Monterrey,Mazatlan FC,0,0,D,0.666864,0.216263,0.116873,0.572387,0.24319,0.184423,H,H
2024/2025,2024-09-23,UNAM Pumas,Club Tijuana,1,0,H,0.523903,0.256941,0.219156,0.620699,0.21253,0.166771,H,H
2024/2025,2024-09-23,Santos Laguna,Toluca,2,0,H,0.219883,0.289991,0.490127,0.171699,0.212672,0.615629,A,A
2024/2025,2024-09-23,Juarez,Tigres UANL,0,1,A,0.157915,0.277431,0.564654,0.244084,0.254696,0.50122,A,A
2024/2025,2024-09-28,Puebla,Juarez,2,3,A,0.508743,0.256132,0.235125,0.427345,0.273651,0.299005,H,H
2024/2025,2024-09-28,Queretaro,Necaxa,0,0,D,0.353693,0.300066,0.34624,0.300367,0.283125,0.416508,H,A
2024/2025,2024-09-28,Tigres UANL,Club Leon,2,2,D,0.578566,0.248868,0.172566,0.681887,0.188724,0.129389,H,H
2024/2025,2024-09-28,Club Tijuana,Mazatlan FC,1,0,H,0.436141,0.290666,0.273193,0.37031,0.286509,0.343181,H,H
2024/2025,2024-09-29,Atl. San Luis,Santos Laguna,3,1,H,0.497263,0.265174,0.237563,0.634031,0.208526,0.157444,H,H
2024/2025,2024-09-29,Guadalajara Chivas,Monterrey,1,1,D,0.453134,0.285108,0.261758,0.440235,0.29031,0.269454,H,H
2024/2025,2024-09-29,Toluca,Atlas,4,1,H,0.61703,0.235469,0.147501,0.599689,0.227067,0.173244,H,H
2024/2025,2024-09-29,Pachuca,Cruz Azul,2,4,A,0.388484,0.295436,0.31608,0.295054,0.281723,0.423222,H,A
2024/2025,2024-09-30,Club America,UNAM Pumas,0,1,A,0.606028,0.236592,0.15738,0.460117,0.282722,0.257161,H,H
2024/2025,2024-10-05,Mazatlan FC,Queretaro,2,2,D,0.42205,0.288331,0.289619,0.633493,0.214057,0.15245,H,H
2024/2025,2024-10-05,Club Tijuana,Pachuca,2,1,H,0.308563,0.284966,0.40647,0.387019,0.269909,0.343072,A,H
2024/2025,2024-10-06,Guadalajara Chivas,Atlas,2,3,A,0.663631,0.207529,0.12884,0.526305,0.281328,0.192366,H,H
2024/2025,2024-10-06,Club Leon,Club America,1,1,D,0.299129,0.295276,0.405595,0.242034,0.262373,0.495593,A,A
2024/2025,2024-10-06,Toluca,UNAM Pumas,1,1,D,0.599113,0.250581,0.150306,0.459016,0.262295,0.278689,H,H
2024/2025,2024-10-06,Tigres UANL,Puebla,1,0,H,0.658853,0.211961,0.129185,0.718173,0.170681,0.111146,H,H
2024/2025,2024-10-06,Cruz Azul,Necaxa,3,0,H,0.572739,0.25901,0.168251,0.659764,0.200614,0.139622,H,H
2024/2025,2024-10-06,Atl. San Luis,Monterrey,1,0,H,0.287246,0.31154,0.401213,0.323094,0.274772,0.402134,A,A
2024/2025,2024-10-07,Santos Laguna,Juarez,0,2,A,0.523142,0.254604,0.222255,0.269021,0.265211,0.465768,H,A
2024/2025,2024-10-19,Atlas,Mazatlan FC,0,0,D,0.446161,0.280255,0.273585,0.462338,0.297009,0.240653,H,H
2024/2025,2024-10-19,Queretaro,Toluca,0,1,A,0.227206,0.295625,0.477169,0.208007,0.236897,0.555096,A,A
2024/2025,2024-10-19,Necaxa,Club Tijuana,1,2,A,0.493883,0.27334,0.232777,0.560951,0.233613,0.205436,H,H
2024/2025,2024-10-19,Puebla,Cruz Azul,1,2,A,0.232423,0.290895,0.476681,0.167199,0.220829,0.611971,A,A
2024/2025,2024-10-20,UNAM Pumas,Atl. San Luis,3,0,H,0.459627,0.292552,0.24782,0.571561,0.240967,0.187472,H,H
2024/2025,2024-10-20,Monterrey,Tigres UANL,4,2,H,0.477564,0.291666,0.23077,0.34188,0.29644,0.36168,H,A
2024/2025,2024-10-20,Club America,Santos Laguna,3,0,H,0.702805,0.193388,0.103806,0.765006,0.151279,0.083715,H,H
2024/2025,2024-10-20,Pachuca,Guadalajara Chivas,0,2,A,0.367523,0.285289,0.347187,0.368087,0.290595,0.341317,H,H
2024/2025,2024-10-20,Juarez,Club Leon,2,3,A,0.325744,0.30111,0.373146,0.388541,0.277037,0.334423,A,H
2024/2025,2024-10-23,Santos Laguna,Pachuca,1,1,D,0.28251,0.269961,0.447528,0.232824,0.255725,0.51145,A,A
2024/2025,2024-10-23,Guadalajara Chivas,Necaxa,3,2,H,0.601254,0.237077,0.161669,0.541409,0.258027,0.200565,H,H
2024/2025,2024-10-23,Toluca,Puebla,5,0,H,0.640038,0.212765,0.147197,0.705235,0.174667,0.120098,H,H
2024/2025,2024-10-23,Mazatlan FC,Tigres UANL,2,0,H,0.247134,0.291963,0.460903,0.292171,0.274984,0.432845,A,A
2024/2025,2024-10-24,Club Tijuana,Club America,2,2,D,0.196198,0.302561,0.501241,0.307293,0.256779,0.435928,A,A
2024/2025,2024-10-24,Club Leon,Atlas,0,0,D,0.507772,0.262384,0.229844,0.395718,0.296789,0.307493,H,H
2024/2025,2024-10-24,Monterrey,UNAM Pumas,0,0,D,0.568133,0.26584,0.166027,0.464248,0.287663,0.24809,H,H
2024/2025,2024-10-24,Cruz Azul,Juarez,4,0,H,0.657678,0.215708,0.126614,0.750475,0.156089,0.093436,H,H
2024/2025,2024-10-26,Santos Laguna,Mazatlan FC,0,0,D,0.394553,0.28947,0.315978,0.276261,0.269116,0.454623,H,A
2024/2025,2024-10-26,Puebla,Guadalajara Chivas,1,0,H,0.203486,0.268466,0.528047,0.252047,0.267126,0.480827,A,A
2024/2025,2024-10-27,Club Leon,Queretaro,4,0,H,0.521884,0.275669,0.202446,0.506632,0.256085,0.237283,H,H
2024/2025,2024-10-27,UNAM Pumas,Cruz Azul,0,2,A,0.349187,0.321456,0.329357,0.303412,0.297633,0.398955,H,A
2024/2025,2024-10-27,Tigres UANL,Pachuca,2,1,H,0.510601,0.255467,0.233932,0.581842,0.233026,0.185132,H,H
2024/2025,2024-10-27,Atlas,Club Tijuana,0,0,D,0.428762,0.287798,0.28344,0.512814,0.259958,0.227228,H,H
2024/2025,2024-10-28,Club America,Monterrey,2,1,H,0.483751,0.278065,0.238184,0.475817,0.274885,0.249298,H,H
2024/2025,2024-10-28,Juarez,Atl. San Luis,2,4,A,0.337124,0.298097,0.364779,0.388706,0.266889,0.344405,A,H
2024/2025,2024-10-28,Necaxa,Toluca,1,3,A,0.247207,0.288858,0.463935,0.349967,0.267211,0.382821,A,A
2024/2025,2024-11-02,Queretaro,Juarez,1,2,A,0.485187,0.253673,0.26114,0.412561,0.287274,0.300165,H,H
2024/2025,2024-11-02,Mazatlan FC,Club America,0,5,A,0.211241,0.295678,0.493081,0.277915,0.263863,0.458221,A,A
2024/2025,2024-11-02,Club Tijuana,Tigres UANL,0,3,A,0.306569,0.306875,0.386556,0.283643,0.252979,0.463378,A,A
2024/2025,2024-11-02,Atl. San Luis,Puebla,2,0,H,0.568802,0.242623,0.188575,0.548858,0.244413,0.206728,H,H
2024/2025,2024-11-02,Toluca,Club Leon,2,2,D,0.577569,0.258515,0.163916,0.625155,0.203413,0.171432,H,H
2024/2025,2024-11-03,Cruz Azul,Santos Laguna,2,0,H,0.722119,0.191168,0.086713,0.814989,0.119698,0.065313,H,H
2024/2025,2024-11-03,Pachuca,Necaxa,6,2,H,0.519481,0.239318,0.241201,0.503634,0.251142,0.245225,H,H
2024/2025,2024-11-03,Guadalajara Chivas,UNAM Pumas,0,0,D,0.489237,0.281642,0.229121,0.432214,0.289476,0.27831,H,H
2024/2025,2024-11-03,Monterrey,Atlas,4,0,H,0.652447,0.21575,0.131803,0.658068,0.215312,0.12662,H,H
2024/2025,2024-11-06,Club Leon,Mazatlan FC,0,0,D,0.616011,0.235135,0.148854,0.584888,0.223346,0.191766,H,H
2024/2025,2024-11-06,Santos Laguna,Guadalajara Chivas,0,2,A,0.238283,0.283214,0.478503,0.193089,0.238176,0.568735,A,A
2024/2025,2024-11-06,UNAM Pumas,Queretaro,2,0,H,0.602552,0.22932,0.168128,0.682464,0.199781,0.117755,H,H
2024/2025,2024-11-07,Atlas,Cruz Azul,2,2,D,0.208423,0.308183,0.483394,0.19983,0.262697,0.537473,A,A
2024/2025,2024-11-07,Tigres UANL,Toluca,2,1,H,0.400542,0.301097,0.298362,0.551263,0.234287,0.21445,H,H
2024/2025,2024-11-07,Juarez,Club Tijuana,1,1,D,0.350662,0.29426,0.355078,0.345916,0.261853,0.392231,A,A
2024/2025,2024-11-07,Club America,Pachuca,2,1,H,0.594675,0.238847,0.166478,0.55746,0.241998,0.200542,H,H
2024/2025,2024-11-07,Necaxa,Atl. San Luis,1,1,D,0.37866,0.279801,0.341538,0.36185,0.266248,0.371902,H,A
2024/2025,2024-11-09,Queretaro,Santos Laguna,3,2,H,0.45369,0.261548,0.284762,0.478268,0.266308,0.255424,H,H
2024/2025,2024-11-09,Mazatlan FC,UNAM Pumas,0,1,A,0.252201,0.308195,0.439604,0.262265,0.281954,0.455781,A,A
2024/2025,2024-11-09,Guadalajara Chivas,Atl. San Luis,0,1,A,0.553965,0.263069,0.182966,0.552272,0.232392,0.215336,H,H
2024/2025,2024-11-10,Pachuca,Juarez,0,1,A,0.640714,0.206724,0.152562,0.647378,0.203622,0.149,H,H
2024/2025,2024-11-10,Toluca,Club America,4,0,H,0.395739,0.307547,0.296714,0.331878,0.268165,0.399956,H,A
2024/2025,2024-11-10,Cruz Azul,Tigres UANL,1,1,D,0.501601,0.282616,0.215782,0.511224,0.260596,0.22818,H,H
2024/2025,2024-11-10,Necaxa,Atlas,0,0,D,0.432166,0.270876,0.296958,0.373678,0.321029,0.305293,H,H
2024/2025,2024-11-11,Club Tijuana,Puebla,2,1,H,0.578908,0.237125,0.183967,0.620366,0.211456,0.168178,H,H
2024/2025,2024-11-11,Monterrey,Club Leon,2,1,H,0.58501,0.247237,0.167753,0.62921,0.214536,0.156254,H,H
2024/2025,2024-11-22,Guadalajara Chivas,Atlas,1,2,A,0.575275,0.24762,0.177105,0.509397,0.282316,0.208287,H,H
2024/2025,2024-11-22,Club Tijuana,Club America,2,2,D,0.260273,0.294478,0.445249,0.329884,0.276204,0.393912,A,A
2024/2025,2024-11-25,Club Tijuana,Atlas,3,0,H,0.469495,0.275268,0.255237,0.496181,0.273406,0.230413,H,H
2024/2025,2024-11-28,Club America,Toluca,2,0,H,0.387597,0.298139,0.314264,0.430773,0.281163,0.288063,H,H
2024/2025,2024-11-28,Club Tijuana,Cruz Azul,3,0,H,0.261999,0.311313,0.426688,0.284053,0.280662,0.435285,A,A
2024/2025,2024-11-29,Atl. San Luis,Tigres UANL,3,0,H,0.315786,0.31565,0.368564,0.267475,0.303831,0.428693,A,A
2024/2025,2024-11-29,Monterrey,UNAM Pumas,1,0,H,0.570757,0.264985,0.164257,0.423943,0.316525,0.259533,H,H
2024/2025,2024-11-30,Toluca,Club America,0,2,A,0.428273,0.287834,0.283893,0.426571,0.273602,0.299826,H,H
2024/2025,2024-12-01,Cruz Azul,Club Tijuana,3,0,H,0.536963,0.26537,0.197667,0.767864,0.154587,0.077549,H,H
2024/2025,2024-12-01,UNAM Pumas,Monterrey,3,5,A,0.343239,0.310023,0.346738,0.505307,0.269304,0.225389,A,H
2024/2025,2024-12-02,Tigres UANL,Atl. San Luis,0,0,D,0.522025,0.278293,0.199681,0.680572,0.192852,0.126575,H,H
2024/2025,2024-12-05,Atl. San Luis,Monterrey,2,1,H,0.312515,0.314963,0.372522,0.309715,0.30568,0.384605,A,A
2024/2025,2024-12-06,Club America,Cruz Azul,0,0,D,0.445686,0.291556,0.262758,0.37442,0.303913,0.321667,H,H
2024/2025,2024-12-08,Monterrey,Atl. San Luis,5,1,H,0.578942,0.26478,0.156278,0.588806,0.228342,0.182852,H,H
2024/2025,2024-12-09,Cruz Azul,Club America,3,4,A,0.452329,0.284846,0.262826,0.423127,0.310014,0.266859,H,H
2024/2025,2024-12-13,Club America,Monterrey,2,1,H,0.469597,0.286941,0.243462,0.488115,0.290436,0.221449,H,H
2024/2025,2024-12-16,Monterrey,Club America,1,1,D,0.469994,0.294003,0.236003,0.421343,0.29734,0.281316,H,H
2024/2025,2025-01-11,Atl. San Luis,Tigres UANL,1,3,A,0.336957,0.312669,0.350375,0.271066,0.275849,0.453085,A,A
2024/2025,2025-01-11,Club Tijuana,Toluca,2,4,A,0.316985,0.299449,0.383566,0.366691,0.269471,0.363838,A,H
2024/2025,2025-01-11,Mazatlan FC,Juarez,1,1,D,0.457332,0.269505,0.273163,0.512319,0.252707,0.234973,H,H
2024/2025,2025-01-11,Queretaro,Club America,0,1,A,0.182451,0.28382,0.533729,0.457038,0.262445,0.280517,A,H
2024/2025,2025-01-12,Guadalajara Chivas,Santos Laguna,1,0,H,0.615324,0.222304,0.162372,0.637122,0.222463,0.140415,H,H
2024/2025,2025-01-12,Cruz Azul,Atlas,1,1,D,0.672809,0.202395,0.124797,0.685171,0.207673,0.107156,H,H
2024/2025,2025-01-12,UNAM Pumas,Necaxa,2,1,H,0.561173,0.236606,0.202221,0.539458,0.262929,0.197612,H,H
2024/2025,2025-01-13,Monterrey,Puebla,1,1,D,0.787326,0.147951,0.064722,0.73282,0.179352,0.087829,H,H
2024/2025,2025-01-17,Club America,Club Tijuana,1,1,D,0.604876,0.236656,0.158468,0.373803,0.270872,0.355326,H,H
2024/2025,2025-01-18,Puebla,Atl. San Luis,1,2,A,0.259417,0.283691,0.456892,0.335843,0.284803,0.379353,A,A
2024/2025,2025-01-18,Tigres UANL,Mazatlan FC,2,1,H,0.676563,0.206908,0.116529,0.674655,0.200807,0.124538,H,H
2024/2025,2025-01-18,Necaxa,Guadalajara Chivas,3,2,H,0.300242,0.295559,0.404199,0.357324,0.288058,0.354617,A,H
2024/2025,2025-01-18,Juarez,Cruz Azul,1,0,H,0.201768,0.287097,0.511135,0.183332,0.238379,0.578289,A,A
2024/2025,2025-01-19,Toluca,Monterrey,1,1,D,0.389441,0.284505,0.326055,0.538531,0.241506,0.219963,H,H
2024/2025,2025-01-19,Atlas,Club Leon,1,2,A,0.3376,0.296632,0.365768,0.367789,0.299636,0.332575,A,H
2024/2025,2025-01-19,Queretaro,UNAM Pumas,3,2,H,0.282335,0.288983,0.428682,0.22163,0.284953,0.493418,A,A
2024/2025,2025-01-21,Pachuca,Santos Laguna,2,1,H,0.607353,0.224679,0.167968,0.67891,0.196003,0.125086,H,H
2024/2025,2025-01-25,Club Leon,Juarez,1,0,H,0.617127,0.241511,0.141363,0.534642,0.252949,0.212409,H,H
2024/2025,2025-01-25,Mazatlan FC,Toluca,2,1,H,0.196777,0.271794,0.53143,0.306034,0.270756,0.423209,A,A
2024/2025,2025-01-25,Cruz Azul,Puebla,1,1,D,0.712295,0.186117,0.101588,0.7301,0.176372,0.093528,H,H
2024/2025,2025-01-25,Atl. San Luis,Necaxa,0,3,A,0.505252,0.256713,0.238035,0.370169,0.279,0.350832,H,H
2024/2025,2025-01-25,Club Tijuana,Queretaro,2,1,H,0.543424,0.251189,0.205387,0.609737,0.221985,0.168279,H,H
2024/2025,2025-01-26,Guadalajara Chivas,Tigres UANL,1,1,D,0.385395,0.296411,0.318194,0.333002,0.309846,0.357151,H,A
2024/2025,2025-01-26,Santos Laguna,Club America,1,4,A,0.18992,0.276591,0.53349,0.175446,0.239001,0.585553,A,A
2024/2025,2025-01-26,Monterrey,Pachuca,2,3,A,0.580089,0.23764,0.182271,0.519424,0.250709,0.229867,H,H
2024/2025,2025-01-26,UNAM Pumas,Atlas,0,0,D,0.543325,0.253429,0.203246,0.552866,0.26777,0.179365,H,H
2024/2025,2025-01-29,Tigres UANL,Club Tijuana,4,0,H,0.567036,0.24682,0.186143,0.644428,0.202337,0.153235,H,H
2024/2025,2025-01-29,Club Leon,Guadalajara Chivas,2,1,H,0.389051,0.291568,0.319382,0.340871,0.298668,0.360461,H,A
2024/2025,2025-01-29,Necaxa,Cruz Azul,1,3,A,0.281295,0.297406,0.421299,0.278688,0.294413,0.426899,A,A
2024/2025,2025-01-29,Club America,Atl. San Luis,3,0,H,0.686715,0.201844,0.111441,0.656842,0.206436,0.136722,H,H
2024/2025,2025-01-29,Puebla,Mazatlan FC,0,1,A,0.399461,0.279815,0.320724,0.392836,0.295245,0.31192,H,H
2024/2025,2025-01-30,Atlas,Monterrey,3,3,D,0.239431,0.282277,0.478293,0.267601,0.287242,0.445157,A,A
2024/2025,2025-01-30,Queretaro,Pachuca,0,1,A,0.296149,0.289585,0.414266,0.234692,0.267363,0.497945,A,A
2024/2025,2025-01-30,Juarez,Santos Laguna,1,0,H,0.439586,0.267666,0.292747,0.483076,0.268376,0.248548,H,H
2024/2025,2025-01-30,UNAM Pumas,Toluca,1,1,D,0.391162,0.27721,0.331628,0.35661,0.289471,0.353919,H,H
2024/2025,2025-02-01,Mazatlan FC,Club Leon,1,2,A,0.357932,0.307624,0.334444,0.40912,0.294976,0.295904,H,H
2024/2025,2025-02-01,Club Tijuana,Cruz Azul,2,3,A,0.24913,0.279771,0.471099,0.265323,0.266072,0.468605,A,A
2024/2025,2025-02-01,Club America,Juarez,4,0,H,0.761942,0.174869,0.063189,0.706976,0.188432,0.104592,H,H
2024/2025,2025-02-01,Guadalajara Chivas,Queretaro,1,1,D,0.587692,0.232829,0.179479,0.642779,0.216734,0.140488,H,H
2024/2025,2025-02-02,Santos Laguna,Puebla,0,2,A,0.412157,0.263619,0.324224,0.352623,0.29607,0.351307,H,H
2024/2025,2025-02-02,Toluca,Tigres UANL,1,0,H,0.390633,0.298011,0.311356,0.447315,0.272279,0.280406,H,H
2024/2025,2025-02-02,Pachuca,Atlas,0,0,D,0.46948,0.272776,0.257745,0.537594,0.254267,0.208139,H,H
2024/2025,2025-02-02,Monterrey,Necaxa,1,0,H,0.636282,0.217273,0.146446,0.573823,0.232938,0.193238,H,H
2024/2025,2025-02-03,Atl. San Luis,UNAM Pumas,2,3,A,0.323008,0.274331,0.402661,0.320633,0.302076,0.377291,A,A
2024/2025,2025-02-06,Pachuca,Club Leon,1,2,A,0.446154,0.298993,0.254853,0.467549,0.273421,0.25903,H,H
2024/2025,2025-02-08,Necaxa,Santos Laguna,3,2,H,0.540564,0.244674,0.214761,0.640564,0.207367,0.152069,H,H
2024/2025,2025-02-08,Queretaro,Atl. San Luis,1,0,H,0.389082,0.269934,0.340984,0.361518,0.291692,0.34679,H,H
2024/2025,2025-02-08,Puebla,Club America,1,2,A,0.139694,0.280346,0.57996,0.182607,0.242687,0.574707,A,A
2024/2025,2025-02-09,Cruz Azul,Pachuca,2,1,H,0.594211,0.246986,0.158803,0.560901,0.247152,0.191948,H,H
2024/2025,2025-02-09,Juarez,Monterrey,2,1,H,0.190865,0.282,0.527135,0.236157,0.258338,0.505505,A,A
2024/2025,2025-02-09,Club Leon,Toluca,3,3,D,0.329985,0.32145,0.348565,0.297237,0.26524,0.437522,A,A
2024/2025,2025-02-09,Tigres UANL,Atlas,2,1,H,0.609137,0.23788,0.152983,0.640701,0.2201,0.1392,H,H
2024/2025,2025-02-10,UNAM Pumas,Mazatlan FC,1,0,H,0.586955,0.244376,0.168669,0.625366,0.241765,0.132868,H,H
2024/2025,2025-02-10,Guadalajara Chivas,Club Tijuana,2,1,H,0.51663,0.247665,0.235705,0.567568,0.243243,0.189189,H,H
2024/2025,2025-02-15,Club America,Necaxa,2,3,A,0.741569,0.180894,0.077536,0.646551,0.206044,0.147405,H,H
2024/2025,2025-02-15,Club Tijuana,Juarez,1,2,A,0.554128,0.252585,0.193287,0.514956,0.245346,0.239698,H,H
2024/2025,2025-02-15,Mazatlan FC,Santos Laguna,1,1,D,0.480894,0.254533,0.264574,0.545537,0.252238,0.202225,H,H
2024/2025,2025-02-15,Atlas,Puebla,3,2,H,0.53631,0.248273,0.215417,0.478723,0.284333,0.236944,H,H
2024/2025,2025-02-16,Queretaro,Monterrey,2,4,A,0.237398,0.286894,0.475708,0.222199,0.259745,0.518056,A,A
2024/2025,2025-02-16,Tigres UANL,Cruz Azul,2,1,H,0.489276,0.283749,0.226975,0.389303,0.307344,0.303353,H,H
2024/2025,2025-02-16,Toluca,Guadalajara Chivas,2,1,H,0.503023,0.261882,0.235095,0.541956,0.245441,0.212604,H,H
2024/2025,2025-02-17,Atl. San Luis,Club Leon,1,2,A,0.395447,0.288633,0.31592,0.37051,0.271707,0.357783,H,H
2024/2025,2025-02-17,Pachuca,UNAM Pumas,2,1,H,0.389224,0.295478,0.315298,0.439465,0.281946,0.278589,H,H
2024/2025,2025-02-19,Atlas,Necaxa,0,4,A,0.459738,0.27394,0.266321,0.353536,0.2805,0.365965,H,A
2024/2025,2025-02-20,Santos Laguna,Cruz Azul,0,1,A,0.1959,0.273629,0.530471,0.137911,0.198944,0.663146,A,A
2024/2025,2025-02-20,Club America,Club Leon,1,1,D,0.673021,0.218481,0.108498,0.628937,0.212498,0.158565,H,H
2024/2025,2025-02-22,Necaxa,Mazatlan FC,3,1,H,0.542319,0.263562,0.194119,0.601419,0.232231,0.16635,H,H
2024/2025,2025-02-22,Puebla,Club Tijuana,2,0,H,0.357674,0.27275,0.369576,0.421833,0.269101,0.309066,A,H
2024/2025,2025-02-22,Juarez,Toluca,0,4,A,0.229886,0.300327,0.469787,0.256429,0.249609,0.493963,A,A
2024/2025,2025-02-23,UNAM Pumas,Club America,0,2,A,0.257901,0.304758,0.437341,0.240322,0.274052,0.485626,A,A
2024/2025,2025-02-23,Club Leon,Tigres UANL,1,0,H,0.342568,0.316636,0.340796,0.327749,0.284912,0.387339,H,A
2024/2025,2025-02-23,Monterrey,Atl. San Luis,3,1,H,0.604557,0.224507,0.170936,0.690055,0.186947,0.122998,H,H
2024/2025,2025-02-23,Guadalajara Chivas,Pachuca,2,1,H,0.483952,0.273898,0.24215,0.426641,0.281865,0.291494,H,H
2024/2025,2025-02-23,Santos Laguna,Atlas,2,0,H,0.343663,0.269724,0.386613,0.314525,0.286631,0.398844,A,A
2024/2025,2025-02-24,Cruz Azul,Queretaro,1,0,H,0.620717,0.233105,0.146178,0.71809,0.177138,0.104772,H,H
2024/2025,2025-02-26,Mazatlan FC,Monterrey,1,0,H,0.219341,0.282326,0.498334,0.220616,0.272563,0.506821,A,A
2024/2025,2025-02-26,Club Tijuana,UNAM Pumas,4,2,H,0.364727,0.277367,0.357907,0.437997,0.259644,0.302359,H,H
2024/2025,2025-02-26,Tigres UANL,Juarez,0,1,A,0.740765,0.178415,0.08082,0.674199,0.198126,0.127675,H,H
2024/2025,2025-02-27,Pachuca,Puebla,2,1,H,0.563898,0.242536,0.193566,0.618112,0.220129,0.161759,H,H
2024/2025,2025-02-27,Toluca,Queretaro,5,0,H,0.664248,0.215621,0.120131,0.732654,0.163951,0.103395,H,H
2024/2025,2025-02-27,Atl. San Luis,Guadalajara Chivas,3,1,H,0.378613,0.275059,0.346328,0.250481,0.265341,0.484178,H,A
2024/2025,2025-03-01,Mazatlan FC,Cruz Azul,1,1,D,0.282831,0.303812,0.413357,0.185144,0.253883,0.560974,A,A
2024/2025,2025-03-01,Club America,Toluca,3,0,H,0.500512,0.281162,0.218326,0.456091,0.251216,0.292694,H,H
2024/2025,2025-03-01,Juarez,Pachuca,2,2,D,0.283059,0.297012,0.419929,0.278892,0.266215,0.454892,A,A
2024/2025,2025-03-02,Queretaro,Puebla,2,0,H,0.394581,0.276371,0.329048,0.403933,0.293769,0.302298,H,H
2024/2025,2025-03-02,UNAM Pumas,Guadalajara Chivas,0,1,A,0.435038,0.279212,0.28575,0.304251,0.300351,0.395398,H,A
2024/2025,2025-03-02,Club Leon,Club Tijuana,2,1,H,0.499999,0.263344,0.236657,0.574919,0.225269,0.199812,H,H
2024/2025,2025-03-02,Necaxa,Tigres UANL,1,2,A,0.345543,0.316945,0.337512,0.372137,0.276633,0.35123,H,H
2024/2025,2025-03-03,Atlas,Atl. San Luis,3,1,H,0.324461,0.275075,0.400464,0.453461,0.274463,0.272076,A,H
2024/2025,2025-03-03,Monterrey,Santos Laguna,4,2,H,0.674987,0.2068,0.118213,0.753315,0.154654,0.092031,H,H
2024/2025,2025-03-08,Atl. San Luis,Juarez,1,0,H,0.542383,0.250928,0.20669,0.409038,0.283848,0.307114,H,H
2024/2025,2025-03-08,Tigres UANL,Queretaro,1,0,H,0.676543,0.205863,0.117594,0.715408,0.180228,0.104364,H,H
2024/2025,2025-03-08,Puebla,UNAM Pumas,1,3,A,0.303137,0.280289,0.416574,0.295587,0.302262,0.402151,A,A
2024/2025,2025-03-08,Toluca,Necaxa,5,2,H,0.621014,0.233781,0.145205,0.61118,0.203284,0.185537,H,H
2024/2025,2025-03-09,Santos Laguna,Club Leon,2,1,H,0.25579,0.296396,0.447814,0.237377,0.248741,0.513882,A,A
2024/2025,2025-03-09,Guadalajara Chivas,Club America,0,0,D,0.248001,0.309358,0.442641,0.297087,0.306796,0.396117,A,A
2024/2025,2025-03-09,Pachuca,Mazatlan FC,1,1,D,0.544774,0.255966,0.19926,0.736673,0.169488,0.093839,H,H
2024/2025,2025-03-09,Cruz Azul,Monterrey,1,1,D,0.400535,0.293686,0.305779,0.490194,0.265986,0.24382,H,H
2024/2025,2025-03-10,Club Tijuana,Atlas,3,4,A,0.503975,0.251662,0.244363,0.470917,0.257452,0.271631,H,H
2024/2025,2025-03-15,Necaxa,Club Leon,2,1,H,0.39644,0.304483,0.299076,0.444104,0.260294,0.295602,H,H
2024/2025,2025-03-15,Queretaro,Mazatlan FC,1,0,H,0.397367,0.280257,0.322376,0.419517,0.296991,0.283492,H,H
2024/2025,2025-03-15,Puebla,Toluca,0,3,A,0.152807,0.263681,0.583512,0.184322,0.234089,0.581588,A,A
2024/2025,2025-03-15,Tigres UANL,Santos Laguna,3,0,H,0.675226,0.208216,0.116558,0.71469,0.176317,0.108992,H,H
2024/2025,2025-03-16,Cruz Azul,Atl. San Luis,3,0,H,0.576364,0.243447,0.180189,0.741578,0.168055,0.090366,H,H
2024/2025,2025-03-16,Juarez,Guadalajara Chivas,1,1,D,0.320956,0.301632,0.377412,0.306838,0.304839,0.388322,A,A
2024/2025,2025-03-16,Atlas,Club America,1,3,A,0.175522,0.295457,0.529021,0.230078,0.259477,0.510446,A,A
2024/2025,2025-03-17,UNAM Pumas,Monterrey,1,3,A,0.342842,0.285761,0.371397,0.328939,0.292848,0.378213,A,A
2024/2025,2025-03-17,Pachuca,Club Tijuana,4,1,H,0.455506,0.264224,0.28027,0.721354,0.16539,0.113256,H,H
2024/2025,2025-03-29,Toluca,Pachuca,3,2,H,0.623085,0.235782,0.141133,0.547067,0.227284,0.225649,H,H
2024/2025,2025-03-29,Necaxa,Queretaro,2,0,H,0.575593,0.250598,0.173809,0.624618,0.217384,0.157998,H,H
2024/2025,2025-03-29,Mazatlan FC,Atlas,3,2,H,0.417966,0.269142,0.312892,0.360491,0.308315,0.331194,H,H
2024/2025,2025-03-29,Juarez,Puebla,2,0,H,0.528908,0.247593,0.2235,0.511108,0.27418,0.214712,H,H
2024/2025,2025-03-30,Monterrey,Club Tijuana,1,2,A,0.62775,0.217313,0.154938,0.702314,0.167158,0.130527,H,H
2024/2025,2025-03-30,Guadalajara Chivas,Cruz Azul,0,1,A,0.353089,0.315988,0.330923,0.312855,0.296077,0.391068,H,A
2024/2025,2025-03-30,Club America,Tigres UANL,3,0,H,0.55243,0.271776,0.175794,0.542723,0.264482,0.192795,H,H
2024/2025,2025-03-31,Santos Laguna,Atl. San Luis,2,3,A,0.329082,0.287373,0.383545,0.390372,0.259889,0.349739,A,H
2024/2025,2025-03-31,Club Leon,UNAM Pumas,1,2,A,0.480212,0.262935,0.256853,0.437496,0.277468,0.285035,H,H
2024/2025,2025-04-05,Queretaro,Club Leon,1,1,D,0.252721,0.29216,0.455119,0.248308,0.266597,0.485096,A,A
2024/2025,2025-04-05,Club Tijuana,Necaxa,1,2,A,0.426111,0.278206,0.295683,0.408658,0.237784,0.353558,H,H
2024/2025,2025-04-05,Puebla,Tigres UANL,0,0,D,0.181168,0.274376,0.544456,0.293822,0.296647,0.409531,A,A
2024/2025,2025-04-06,Cruz Azul,UNAM Pumas,3,2,H,0.552457,0.255407,0.192135,0.537766,0.262027,0.200207,H,H
2024/2025,2025-04-06,Monterrey,Guadalajara Chivas,3,1,H,0.552291,0.257669,0.19004,0.485737,0.272013,0.24225,H,H
2024/2025,2025-04-06,Atl. San Luis,Mazatlan FC,2,1,H,0.478402,0.281912,0.239686,0.453051,0.268759,0.278189,H,H
2024/2025,2025-04-06,Pachuca,Club America,1,0,H,0.259548,0.320786,0.419666,0.368407,0.270381,0.361212,A,H
2024/2025,2025-04-06,Atlas,Juarez,1,1,D,0.441887,0.285696,0.272417,0.424566,0.278782,0.296652,H,H
2024/2025,2025-04-07,Toluca,Santos Laguna,2,1,H,0.766065,0.163138,0.070797,0.836438,0.103969,0.059592,H,H
2024/2025,2025-04-11,Club Tijuana,Atl. San Luis,2,1,H,0.459405,0.268989,0.271606,0.517051,0.214848,0.268101,H,H
2024/2025,2025-04-12,Necaxa,Pachuca,3,5,A,0.36388,0.296389,0.339731,0.37574,0.265664,0.358596,H,H
2024/2025,2025-04-12,Mazatlan FC,Guadalajara Chivas,1,1,D,0.349625,0.296062,0.354313,0.297552,0.302336,0.400112,A,A
2024/2025,2025-04-13,Club America,Cruz Azul,0,0,D,0.550746,0.269313,0.179942,0.387914,0.284783,0.327303,H,H
2024/2025,2025-04-13,Atlas,Toluca,2,3,A,0.277642,0.298485,0.423874,0.276022,0.250996,0.472982,A,A
2024/2025,2025-04-13,Tigres UANL,Monterrey,2,1,H,0.403075,0.296742,0.300183,0.386055,0.284584,0.329361,H,H
2024/2025,2025-04-13,UNAM Pumas,Juarez,0,0,D,0.491939,0.269962,0.238099,0.511795,0.264523,0.223682,H,H
2024/2025,2025-04-13,Club Leon,Puebla,1,0,H,0.684043,0.193577,0.12238,0.613237,0.221286,0.165477,H,H
2024/2025,2025-04-14,Santos Laguna,Queretaro,1,2,A,0.376395,0.289106,0.334499,0.461829,0.260257,0.277915,H,H
2024/2025,2025-04-16,Pachuca,Tigres UANL,0,0,D,0.422543,0.306296,0.271161,0.461721,0.283708,0.254571,H,H
2024/2025,2025-04-16,Guadalajara Chivas,Puebla,1,0,H,0.651267,0.206284,0.142448,0.639989,0.220841,0.139169,H,H
2024/2025,2025-04-16,Juarez,Necaxa,2,2,D,0.450851,0.269754,0.279395,0.401403,0.271063,0.327534,H,H
2024/2025,2025-04-16,Cruz Azul,Club Leon,2,1,H,0.522516,0.269028,0.208456,0.52922,0.245956,0.224824,H,H
2024/2025,2025-04-17,UNAM Pumas,Santos Laguna,2,0,H,0.617164,0.220656,0.16218,0.710964,0.179784,0.109252,H,H
2024/2025,2025-04-17,Mazatlan FC,Club Tijuana,0,2,A,0.419911,0.269087,0.311002,0.469325,0.255648,0.275027,H,H
2024/2025,2025-04-17,Queretaro,Atlas,1,2,A,0.360644,0.27381,0.365546,0.285816,0.289323,0.424861,A,A
2024/2025,2025-04-17,Monterrey,Club America,1,0,H,0.358759,0.309957,0.331284,0.331953,0.284817,0.38323,H,A
2024/2025,2025-04-17,Atl. San Luis,Toluca,0,1,A,0.247139,0.305377,0.447484,0.198939,0.227291,0.57377,A,A
2024/2025,2025-04-19,Puebla,Necaxa,0,1,A,0.275116,0.277425,0.447459,0.238009,0.264677,0.497314,A,A
2024/2025,2025-04-20,Atlas,Guadalajara Chivas,1,1,D,0.382063,0.286494,0.331443,0.241723,0.279739,0.478538,H,A
2024/2025,2025-04-20,Club America,Mazatlan FC,5,0,H,0.72678,0.18067,0.09255,0.765316,0.153813,0.080871,H,H
2024/2025,2025-04-20,Toluca,Cruz Azul,2,2,D,0.453271,0.313443,0.233286,0.475145,0.263526,0.26133,H,H
2024/2025,2025-04-20,Tigres UANL,UNAM Pumas,2,1,H,0.543257,0.258469,0.198273,0.490322,0.276076,0.233602,H,H
2024/2025,2025-04-21,Juarez,Queretaro,0,2,A,0.524775,0.264581,0.210644,0.587954,0.231137,0.180909,H,H
2024/2025,2025-04-21,Club Leon,Monterrey,0,2,A,0.38173,0.289197,0.329073,0.392038,0.274312,0.333649,H,H
2024/2025,2025-04-21,Atl. San Luis,Pachuca,2,1,H,0.327127,0.292788,0.380085,0.244197,0.220234,0.535569,A,A
2024/2025,2025-04-21,Santos Laguna,Club Tijuana,0,4,A,0.33394,0.277924,0.388136,0.372517,0.251997,0.375486,A,A
2024/2025,2025-04-28,Juarez,UNAM Pumas,1,1,D,0.361245,0.294157,0.344598,0.336133,0.312682,0.351184,H,A
2024/2025,2025-04-28,Monterrey,Pachuca,1,2,A,0.528649,0.261595,0.209756,0.49531,0.262142,0.242549,H,H
2024/2025,2025-05-05,Monterrey,UNAM Pumas,2,0,H,0.513843,0.268673,0.217483,0.529354,0.268447,0.202199,H,H
2024/2025,2025-05-08,Monterrey,Toluca,3,2,H,0.454509,0.291759,0.253732,0.43116,0.286133,0.282707,H,H
2024/2025,2025-05-08,Pachuca,Club America,0,0,D,0.237581,0.313877,0.448543,0.312638,0.292312,0.395049,A,A
2024/2025,2025-05-09,Club Leon,Cruz Azul,2,3,A,0.353289,0.299603,0.347108,0.269981,0.292549,0.43747,H,A
2024/2025,2025-05-09,Necaxa,Tigres UANL,0,0,D,0.340681,0.315453,0.343866,0.356098,0.300705,0.343196,A,H
2024/2025,2025-05-11,Toluca,Monterrey,2,1,H,0.477454,0.29197,0.230575,0.614519,0.215152,0.170329,H,H
2024/2025,2025-05-11,Club America,Pachuca,2,0,H,0.632476,0.224345,0.143179,0.527828,0.257442,0.21473,H,H
2024/2025,2025-05-12,Cruz Azul,Club Leon,2,1,H,0.567147,0.252313,0.18054,0.538373,0.249908,0.21172,H,H
2024/2025,2025-05-12,Tigres UANL,Necaxa,2,2,D,0.572294,0.249815,0.177891,0.524189,0.254323,0.221488,H,H
2024/2025,2025-05-15,Tigres UANL,Toluca,1,1,D,0.429746,0.291484,0.27877,0.479876,0.291777,0.228347,H,H
2024/2025,2025-05-16,Cruz Azul,Club America,1,0,H,0.359078,0.31983,0.321092,0.375061,0.315052,0.309887,H,H
2024/2025,2025-05-18,Toluca,Tigres UANL,3,0,H,0.471619,0.286192,0.242189,0.508712,0.266536,0.224752,H,H
2024/2025,2025-05-19,Club America,Cruz Azul,2,1,H,0.554586,0.262421,0.182993,0.494446,0.272945,0.232609,H,H
2024/2025,2025-05-23,Club America,Toluca,0,0,D,0.489011,0.279191,0.231797,0.531936,0.253846,0.214218,H,H
2024/2025,2025-05-26,Toluca,Club America,2,0,H,0.45807,0.296885,0.245045,0.317136,0.307839,0.375026,H,A
2025/2026,2025-07-12,Puebla,Atlas,2,3,A,0.28038,0.258207,0.461413,0.386265,0.299731,0.314004,A,H
2025/2026,2025-07-12,Juarez,Club America,1,1,D,0.247505,0.301443,0.451051,0.206717,0.281085,0.512199,A,A
2025/2026,2025-07-12,Club Tijuana,Queretaro,1,0,H,0.514079,0.275089,0.210832,0.613682,0.217104,0.169214,H,H
2025/2026,2025-07-13,Santos Laguna,UNAM Pumas,3,0,H,0.245836,0.275091,0.479073,0.344112,0.285517,0.37037,A,A
2025/2026,2025-07-13,Toluca,Necaxa,3,1,H,0.621283,0.231631,0.147086,0.610196,0.218859,0.170945,H,H
2025/2026,2025-07-13,Cruz Azul,Mazatlan FC,0,0,D,0.719885,0.184734,0.095381,0.773716,0.151709,0.074575,H,H
2025/2026,2025-07-14,Pachuca,Monterrey,3,0,H,0.353654,0.292606,0.35374,0.456987,0.270708,0.272305,A,H
2025/2026,2025-07-14,Club Leon,Atl. San Luis,0,1,A,0.501127,0.25681,0.242064,0.53445,0.255414,0.210136,H,H
2025/2026,2025-07-17,Santos Laguna,Toluca,2,4,A,0.136705,0.268799,0.594496,0.269414,0.255312,0.475274,A,A
2025/2026,2025-07-17,Club America,Club Tijuana,3,1,H,0.628608,0.230628,0.140764,0.709312,0.176988,0.1137,H,H
2025/2026,2025-07-19,Necaxa,Queretaro,3,1,H,0.525596,0.260998,0.213406,0.539105,0.248482,0.212412,H,H
2025/2026,2025-07-19,Atl. San Luis,Monterrey,0,1,A,0.317155,0.299094,0.383752,0.303803,0.266047,0.43015,A,A
2025/2026,2025-07-19,Mazatlan FC,Puebla,2,1,H,0.474117,0.25936,0.266524,0.416055,0.296607,0.287338,H,H
2025/2026,2025-07-20,Club Leon,Guadalajara Chivas,1,0,H,0.459187,0.26216,0.278652,0.307259,0.284428,0.408313,H,A
2025/2026,2025-07-20,Tigres UANL,Juarez,1,0,H,0.601347,0.237633,0.16102,0.667445,0.213706,0.118848,H,H
2025/2026,2025-07-20,Atlas,Cruz Azul,3,3,D,0.277413,0.312511,0.410076,0.214348,0.249782,0.53587,A,A
2025/2026,2025-07-20,UNAM Pumas,Pachuca,2,3,A,0.371753,0.291228,0.337019,0.313357,0.284342,0.402301,H,A
2025/2026,2025-07-26,Club Tijuana,Juarez,1,1,D,0.465985,0.285857,0.248158,0.46361,0.268975,0.267415,H,H
2025/2026,2025-07-26,Puebla,Santos Laguna,1,0,H,0.438945,0.236069,0.324986,0.480347,0.262754,0.256899,H,H
2025/2026,2025-07-26,Queretaro,UNAM Pumas,0,2,A,0.355304,0.273696,0.371,0.230871,0.279144,0.489986,A,A
2025/2026,2025-07-27,Pachuca,Mazatlan FC,1,0,H,0.624525,0.232238,0.143237,0.6753,0.202,0.1227,H,H
2025/2026,2025-07-27,Guadalajara Chivas,Atl. San Luis,4,3,H,0.48081,0.275341,0.243849,0.626331,0.223472,0.150197,H,H
2025/2026,2025-07-27,Cruz Azul,Club Leon,4,1,H,0.596227,0.240418,0.163355,0.637028,0.208508,0.154463,H,H
2025/2026,2025-07-27,Monterrey,Atlas,3,1,H,0.55151,0.24833,0.200159,0.649844,0.204607,0.145549,H,H
2025/2026,2025-07-27,Toluca,Tigres UANL,3,4,A,0.566217,0.269463,0.164321,0.51561,0.261457,0.222933,H,H
2025/2026,2025-07-27,Necaxa,Club America,1,1,D,0.288357,0.313921,0.397722,0.322571,0.267406,0.410023,A,A
2025/2026,2025-08-09,Tigres UANL,Puebla,7,0,H,0.72026,0.186486,0.093254,0.657103,0.199251,0.143646,H,H
2025/2026,2025-08-10,Club America,Queretaro,1,0,H,0.71905,0.183639,0.09731,0.778262,0.151576,0.070162,H,H
2025/2026,2025-08-10,Mazatlan FC,Club Tijuana,2,2,D,0.301533,0.295078,0.403388,0.31769,0.283478,0.398832,A,A
2025/2026,2025-08-10,Atlas,Pachuca,0,3,A,0.34826,0.310164,0.341576,0.270955,0.264744,0.4643,H,A
2025/2026,2025-08-11,UNAM Pumas,Necaxa,1,1,D,0.404562,0.27704,0.318398,0.483219,0.265979,0.250801,H,H
2025/2026,2025-08-11,Santos Laguna,Guadalajara Chivas,1,0,H,0.228184,0.278968,0.492848,0.203851,0.239856,0.556293,A,A
2025/2026,2025-08-12,Atl. San Luis,Cruz Azul,1,2,A,0.249056,0.293555,0.45739,0.217993,0.245896,0.536111,A,A
2025/2026,2025-08-12,Club Leon,Monterrey,1,3,A,0.351461,0.283197,0.365341,0.299744,0.266824,0.433432,A,A
2025/2026,2025-08-12,Juarez,Toluca,0,2,A,0.218043,0.271271,0.510686,0.261194,0.259726,0.47908,A,A
2025/2026,2025-08-16,Necaxa,Club Leon,0,1,A,0.497244,0.257834,0.244921,0.498527,0.245286,0.256187,H,H
2025/2026,2025-08-16,Puebla,Atl. San Luis,0,2,A,0.221354,0.270596,0.50805,0.396591,0.273389,0.33002,A,H
2025/2026,2025-08-17,Guadalajara Chivas,Juarez,1,2,A,0.506897,0.267823,0.22528,0.559484,0.250176,0.19034,H,H
2025/2026,2025-08-17,Cruz Azul,Santos Laguna,3,2,H,0.794479,0.145355,0.060167,0.779444,0.1399,0.080656,H,H
2025/2026,2025-08-17,Pachuca,Club Tijuana,0,2,A,0.530946,0.269886,0.199168,0.683471,0.185651,0.130877,H,H
2025/2026,2025-08-17,Tigres UANL,Club America,1,3,A,0.483946,0.290076,0.225978,0.438062,0.283531,0.278407,H,H
2025/2026,2025-08-17,Toluca,UNAM Pumas,1,1,D,0.670622,0.213578,0.1158,0.542307,0.253275,0.204417,H,H
2025/2026,2025-08-17,Queretaro,Atlas,3,3,D,0.376443,0.257413,0.366144,0.310182,0.286174,0.403643,H,A
2025/2026,2025-08-18,Monterrey,Mazatlan FC,3,2,H,0.677097,0.208154,0.114749,0.696264,0.188986,0.11475,H,H
2025/2026,2025-08-23,Juarez,Santos Laguna,2,1,H,0.536737,0.242396,0.220867,0.577946,0.234105,0.18795,H,H
2025/2026,2025-08-23,Queretaro,Atl. San Luis,3,2,H,0.349453,0.269196,0.381351,0.295824,0.278843,0.425332,A,A
2025/2026,2025-08-23,Club Tijuana,Guadalajara Chivas,3,3,D,0.414184,0.282825,0.302991,0.304569,0.262171,0.43326,H,A
2025/2026,2025-08-24,Monterrey,Necaxa,3,0,H,0.541129,0.269933,0.188938,0.631806,0.202289,0.165906,H,H
2025/2026,2025-08-24,Club Leon,Pachuca,1,1,D,0.348618,0.304476,0.346906,0.290679,0.266316,0.443006,H,A
2025/2026,2025-08-24,Mazatlan FC,Tigres UANL,2,2,D,0.20878,0.263928,0.527292,0.234532,0.263264,0.502204,A,A
2025/2026,2025-08-24,Cruz Azul,Toluca,1,0,H,0.451726,0.285691,0.262583,0.447712,0.254776,0.297512,H,H
2025/2026,2025-08-25,Atlas,Club America,2,4,A,0.225065,0.298783,0.476151,0.191456,0.237721,0.570823,A,A
2025/2026,2025-08-25,UNAM Pumas,Puebla,0,0,D,0.679866,0.188331,0.131804,0.575042,0.246228,0.178729,H,H
2025/2026,2025-08-30,Puebla,Monterrey,2,4,A,0.109598,0.254102,0.6363,0.242444,0.260936,0.49662,A,A
2025/2026,2025-08-30,Juarez,Mazatlan FC,1,0,H,0.442034,0.268371,0.289595,0.567059,0.250309,0.182631,H,H
2025/2026,2025-08-30,Atl. San Luis,Toluca,1,3,A,0.275002,0.272348,0.45265,0.187051,0.218005,0.594943,A,A
2025/2026,2025-08-31,Club Leon,Queretaro,3,0,H,0.491861,0.257092,0.251047,0.591917,0.236767,0.171316,H,H
2025/2026,2025-08-31,Santos Laguna,Tigres UANL,0,1,A,0.13975,0.235402,0.624848,0.146935,0.204275,0.64879,A,A
2025/2026,2025-08-31,Guadalajara Chivas,Cruz Azul,1,2,A,0.293697,0.284687,0.421616,0.320837,0.279158,0.400005,A,A
2025/2026,2025-08-31,Club America,Pachuca,2,0,H,0.605814,0.253725,0.140461,0.477655,0.263392,0.258953,H,H
2025/2026,2025-08-31,UNAM Pumas,Atlas,1,0,H,0.493095,0.234014,0.272891,0.573838,0.242488,0.183674,H,H
2025/2026,2025-09-01,Club Tijuana,Necaxa,3,0,H,0.469909,0.270453,0.259637,0.418855,0.25668,0.324465,H,H
2025/2026,2025-09-13,Mazatlan FC,UNAM Pumas,1,4,A,0.396636,0.287302,0.316062,0.282883,0.288187,0.42893,H,A
2025/2026,2025-09-13,Necaxa,Juarez,1,1,D,0.473459,0.271211,0.255329,0.440359,0.277704,0.281937,H,H
2025/2026,2025-09-14,Pachuca,Cruz Azul,0,1,A,0.328336,0.309244,0.36242,0.344789,0.274802,0.380408,A,A
2025/2026,2025-09-14,Atlas,Santos Laguna,2,2,D,0.54507,0.235731,0.219199,0.516535,0.250569,0.232896,H,H
2025/2026,2025-09-14,Tigres UANL,Club Leon,0,0,D,0.647728,0.219979,0.132293,0.641642,0.203069,0.155288,H,H
2025/2026,2025-09-14,Toluca,Puebla,3,1,H,0.834653,0.119881,0.045466,0.699541,0.181771,0.118688,H,H
2025/2026,2025-09-14,Club America,Guadalajara Chivas,1,2,A,0.636502,0.223349,0.140149,0.553446,0.243867,0.202687,H,H
2025/2026,2025-09-15,Queretaro,Monterrey,0,1,A,0.185498,0.269704,0.544798,0.185965,0.23638,0.577654,A,A
2025/2026,2025-09-15,Atl. San Luis,Club Tijuana,1,1,D,0.411035,0.26748,0.321485,0.438847,0.255994,0.305159,H,H
2025/2026,2025-09-18,Guadalajara Chivas,Tigres UANL,0,0,D,0.302585,0.284763,0.412652,0.40082,0.276843,0.322338,A,H
2025/2026,2025-09-20,Club Tijuana,Club Leon,5,0,H,0.473178,0.28573,0.241092,0.495769,0.240765,0.263466,H,H
2025/2026,2025-09-20,Mazatlan FC,Atlas,1,1,D,0.397395,0.246056,0.35655,0.416814,0.270929,0.312257,H,H
2025/2026,2025-09-20,Cruz Azul,Juarez,3,2,H,0.646438,0.243103,0.110459,0.641537,0.214342,0.144121,H,H
2025/2026,2025-09-20,Necaxa,Puebla,1,0,H,0.642088,0.194515,0.163397,0.532354,0.250946,0.216699,H,H
2025/2026,2025-09-21,Pachuca,Queretaro,0,2,A,0.613116,0.216619,0.170264,0.700072,0.188591,0.111337,H,H
2025/2026,2025-09-21,UNAM Pumas,Tigres UANL,1,1,D,0.356047,0.311458,0.332495,0.453868,0.277516,0.268616,H,H
2025/2026,2025-09-21,Guadalajara Chivas,Toluca,0,3,A,0.301746,0.300695,0.39756,0.32298,0.270094,0.406926,A,A
2025/2026,2025-09-21,Monterrey,Club America,2,2,D,0.425359,0.317261,0.257381,0.447222,0.263976,0.288802,H,H
2025/2026,2025-09-22,Santos Laguna,Atl. San Luis,1,4,A,0.292095,0.26781,0.440095,0.375829,0.26308,0.361091,A,H
2025/2026,2025-09-24,Juarez,UNAM Pumas,3,1,H,0.366402,0.314739,0.318859,0.329787,0.297872,0.37234,H,A
2025/2026,2025-09-24,Club Leon,Mazatlan FC,2,2,D,0.504968,0.254645,0.240387,0.563809,0.236483,0.199708,H,H
2025/2026,2025-09-24,Guadalajara Chivas,Necaxa,3,1,H,0.489314,0.267947,0.242739,0.472575,0.260317,0.267108,H,H
2025/2026,2025-09-24,Puebla,Pachuca,2,2,D,0.218543,0.266747,0.514709,0.251838,0.253913,0.494249,A,A
2025/2026,2025-09-25,Cruz Azul,Queretaro,2,2,D,0.679253,0.215921,0.104826,0.728809,0.170145,0.101047,H,H
2025/2026,2025-09-25,Tigres UANL,Atlas,2,0,H,0.609029,0.22063,0.170341,0.691966,0.18333,0.124704,H,H
2025/2026,2025-09-25,Toluca,Monterrey,6,2,H,0.517234,0.272731,0.210035,0.60894,0.210412,0.180648,H,H
2025/2026,2025-09-25,Atl. San Luis,Club America,0,1,A,0.250426,0.287633,0.461941,0.204905,0.234103,0.560991,A,A
2025/2026,2025-09-25,Santos Laguna,Club Tijuana,1,0,H,0.21196,0.259776,0.528264,0.29471,0.248636,0.456654,A,A
2025/2026,2025-09-27,Juarez,Club Leon,2,0,H,0.413385,0.291657,0.294958,0.446489,0.273441,0.28007,H,H
2025/2026,2025-09-28,Toluca,Mazatlan FC,3,1,H,0.771935,0.158659,0.069406,0.763634,0.145511,0.090855,H,H
2025/2026,2025-09-28,Club America,UNAM Pumas,4,1,H,0.653543,0.225661,0.120797,0.546327,0.252957,0.200716,H,H
2025/2026,2025-09-28,Monterrey,Santos Laguna,1,0,H,0.739084,0.176944,0.083972,0.73246,0.160226,0.107314,H,H
2025/2026,2025-09-28,Atlas,Necaxa,3,2,H,0.441707,0.260657,0.297636,0.261358,0.256978,0.481665,H,A
2025/2026,2025-09-28,Pachuca,Atl. San Luis,2,1,H,0.478358,0.248336,0.273306,0.557501,0.230546,0.211953,H,H
2025/2026,2025-09-28,Puebla,Guadalajara Chivas,0,2,A,0.256238,0.273797,0.469965,0.282682,0.274269,0.443049,A,A
2025/2026,2025-09-29,Queretaro,Tigres UANL,0,2,A,0.250552,0.323874,0.425574,0.182252,0.246089,0.571659,A,A
2025/2026,2025-09-29,Club Tijuana,Cruz Azul,2,0,H,0.373027,0.302683,0.32429,0.303953,0.242363,0.453684,H,A
2025/2026,2025-10-04,Necaxa,Pachuca,0,1,A,0.363095,0.28388,0.353025,0.377373,0.26011,0.362516,H,H
2025/2026,2025-10-04,Mazatlan FC,Atl. San Luis,2,1,H,0.339964,0.266994,0.393042,0.37918,0.271802,0.349018,A,H
2025/2026,2025-10-04,Atlas,Juarez,3,1,H,0.39128,0.285454,0.323266,0.326188,0.270707,0.403105,H,A
2025/2026,2025-10-05,Club America,Santos Laguna,3,0,H,0.800398,0.145261,0.054341,0.793185,0.133337,0.073478,H,H
2025/2026,2025-10-05,Tigres UANL,Cruz Azul,1,1,D,0.438065,0.295949,0.265985,0.445406,0.266471,0.288122,H,H
2025/2026,2025-10-05,Queretaro,Puebla,3,1,H,0.52821,0.232626,0.239164,0.330006,0.289533,0.380461,H,A
2025/2026,2025-10-05,Club Leon,Toluca,2,4,A,0.194837,0.277534,0.527629,0.195569,0.203754,0.600677,A,A
2025/2026,2025-10-06,UNAM Pumas,Guadalajara Chivas,1,2,A,0.43817,0.290647,0.271183,0.38833,0.287607,0.324064,H,H
2025/2026,2025-10-06,Club Tijuana,Monterrey,2,2,D,0.412429,0.283414,0.304157,0.335894,0.262208,0.401899,H,A
2025/2026,2025-10-18,Puebla,Club Tijuana,4,3,H,0.183619,0.258909,0.557472,0.368014,0.280764,0.351222,A,H
2025/2026,2025-10-18,Atl. San Luis,Atlas,2,0,H,0.482775,0.25317,0.264055,0.516522,0.243951,0.239527,H,H
2025/2026,2025-10-18,Tigres UANL,Necaxa,5,3,H,0.635065,0.224696,0.140239,0.620097,0.211914,0.16799,H,H
2025/2026,2025-10-19,Guadalajara Chivas,Mazatlan FC,2,0,H,0.551184,0.248567,0.200249,0.694936,0.18672,0.118344,H,H
2025/2026,2025-10-19,Cruz Azul,Club America,2,1,H,0.398722,0.302163,0.299115,0.32458,0.271119,0.404301,H,A
2025/2026,2025-10-19,Monterrey,UNAM Pumas,1,1,D,0.56067,0.242873,0.196457,0.570177,0.240543,0.18928,H,H
2025/2026,2025-10-19,Juarez,Pachuca,2,2,D,0.414085,0.290804,0.29511,0.371806,0.282846,0.345348,H,H
2025/2026,2025-10-19,Santos Laguna,Club Leon,2,0,H,0.25704,0.264716,0.478244,0.358392,0.254725,0.386883,A,A
2025/2026,2025-10-19,Toluca,Queretaro,4,0,H,0.766601,0.169852,0.063547,0.777939,0.138585,0.083476,H,H
2025/2026,2025-10-22,Club America,Puebla,2,1,H,0.813226,0.133254,0.053519,0.75993,0.155556,0.084514,H,H
2025/2026,2025-10-22,Necaxa,Cruz Azul,1,1,D,0.228769,0.278366,0.492865,0.290722,0.256093,0.453185,A,A
2025/2026,2025-10-22,Mazatlan FC,Santos Laguna,2,2,D,0.519789,0.253482,0.226729,0.445138,0.263268,0.291594,H,H
2025/2026,2025-10-22,Monterrey,Juarez,4,2,H,0.581598,0.23441,0.183992,0.605002,0.221979,0.173019,H,H
2025/2026,2025-10-23,Pachuca,Tigres UANL,1,2,A,0.322079,0.306835,0.371087,0.337346,0.274281,0.388373,A,A
2025/2026,2025-10-23,Queretaro,Guadalajara Chivas,1,0,H,0.316538,0.304626,0.378836,0.19238,0.25352,0.5541,A,A
2025/2026,2025-10-23,Atlas,Club Leon,2,0,H,0.413579,0.262566,0.323855,0.368293,0.264875,0.366832,H,H
2025/2026,2025-10-23,Club Tijuana,Toluca,0,0,D,0.25143,0.27958,0.46899,0.308219,0.247234,0.444547,A,A
2025/2026,2025-10-23,UNAM Pumas,Atl. San Luis,0,1,A,0.447473,0.262664,0.289863,0.498283,0.260402,0.241315,H,H
2025/2026,2025-10-25,Juarez,Puebla,4,4,D,0.61132,0.213935,0.174745,0.606942,0.230063,0.162995,H,H
2025/2026,2025-10-25,Mazatlan FC,Club America,2,2,D,0.167153,0.28049,0.552357,0.199964,0.232039,0.567997,A,A
2025/2026,2025-10-26,Santos Laguna,Queretaro,3,1,H,0.350601,0.285569,0.363831,0.432761,0.26796,0.299279,A,H
2025/2026,2025-10-26,Cruz Azul,Monterrey,2,0,H,0.516694,0.254741,0.228566,0.505291,0.242063,0.252646,H,H
2025/2026,2025-10-26,Tigres UANL,Club Tijuana,2,0,H,0.583367,0.253476,0.163157,0.613085,0.215795,0.17112,H,H
2025/2026,2025-10-26,Club Leon,UNAM Pumas,1,1,D,0.412681,0.255935,0.331383,0.279914,0.271681,0.448405,H,A
2025/2026,2025-10-26,Guadalajara Chivas,Atlas,4,1,H,0.527329,0.270772,0.201899,0.622748,0.222089,0.155163,H,H
2025/2026,2025-10-27,Atl. San Luis,Necaxa,3,4,A,0.427512,0.254781,0.317707,0.423649,0.265389,0.310961,H,H
2025/2026,2025-10-27,Toluca,Pachuca,2,2,D,0.700135,0.20227,0.097595,0.613973,0.207892,0.178135,H,H
2025/2026,2025-11-01,Necaxa,Santos Laguna,4,1,H,0.587042,0.229264,0.183694,0.640327,0.196185,0.163488,H,H
2025/2026,2025-11-01,Atl. San Luis,Juarez,1,2,A,0.417344,0.252996,0.32966,0.410366,0.279795,0.30984,H,H
2025/2026,2025-11-01,Puebla,Cruz Azul,0,3,A,0.135544,0.264215,0.60024,0.191103,0.239126,0.56977,A,A
2025/2026,2025-11-01,Atlas,Toluca,0,0,D,0.166059,0.28679,0.547151,0.193806,0.218605,0.587589,A,A
2025/2026,2025-11-02,Queretaro,Mazatlan FC,1,0,H,0.393952,0.273875,0.332173,0.426462,0.278295,0.295243,H,H
2025/2026,2025-11-02,UNAM Pumas,Club Tijuana,4,1,H,0.414354,0.264297,0.321349,0.596976,0.224047,0.178977,H,H
2025/2026,2025-11-02,Monterrey,Tigres UANL,1,1,D,0.431566,0.295039,0.273394,0.360153,0.281095,0.358752,H,H
2025/2026,2025-11-02,Club America,Club Leon,2,0,H,0.718758,0.185078,0.096165,0.705324,0.180464,0.114212,H,H
2025/2026,2025-11-03,Pachuca,Guadalajara Chivas,0,1,A,0.450472,0.292646,0.256882,0.335139,0.279451,0.38541,H,A
2025/2026,2025-11-08,Juarez,Queretaro,1,2,A,0.56349,0.243355,0.193155,0.608287,0.235266,0.156446,H,H
2025/2026,2025-11-08,Club Tijuana,Atlas,2,0,H,0.506442,0.252884,0.240674,0.557056,0.22889,0.214054,H,H
2025/2026,2025-11-08,Mazatlan FC,Necaxa,1,1,D,0.316676,0.262798,0.420526,0.27472,0.249476,0.475804,A,A
2025/2026,2025-11-08,Tigres UANL,Atl. San Luis,3,1,H,0.65839,0.216501,0.125109,0.712358,0.175391,0.11225,H,H
2025/2026,2025-11-08,Guadalajara Chivas,Monterrey,4,2,H,0.337913,0.307604,0.354483,0.48412,0.256141,0.259739,A,H
2025/2026,2025-11-09,Santos Laguna,Pachuca,1,0,H,0.234558,0.288328,0.477114,0.216144,0.222409,0.561447,A,A
2025/2026,2025-11-09,Cruz Azul,UNAM Pumas,2,3,A,0.647896,0.225303,0.1268,0.528065,0.247089,0.224845,H,H
2025/2026,2025-11-09,Club Leon,Puebla,1,2,A,0.56528,0.208232,0.226488,0.515477,0.246712,0.23781,H,H
2025/2026,2025-11-09,Toluca,Club America,2,0,H,0.496721,0.279946,0.223333,0.385862,0.263488,0.35065,H,H
2025/2026,2025-11-21,Pachuca,UNAM Pumas,3,1,H,0.473847,0.25776,0.268393,0.464754,0.276905,0.258341,H,H
2025/2026,2025-11-21,Club Tijuana,Juarez,3,1,H,0.438872,0.247242,0.313886,0.431131,0.278737,0.290132,H,H
2025/2026,2025-11-27,Juarez,Toluca,1,2,A,0.214465,0.296992,0.488544,0.262314,0.277326,0.460361,A,A
2025/2026,2025-11-27,Monterrey,Club America,2,0,H,0.412735,0.28649,0.300776,0.346631,0.291785,0.361584,H,A
2025/2026,2025-11-27,Club Tijuana,Tigres UANL,3,0,H,0.267664,0.299016,0.43332,0.28329,0.282421,0.434289,A,A
2025/2026,2025-11-28,Guadalajara Chivas,Cruz Azul,0,0,D,0.327674,0.318582,0.353744,0.423128,0.281225,0.295647,A,H
2025/2026,2025-11-29,Club America,Monterrey,2,1,H,0.470692,0.273565,0.255743,0.637426,0.207235,0.155339,H,H
2025/2026,2025-11-30,Toluca,Juarez,0,0,D,0.680009,0.196973,0.123018,0.711043,0.1754,0.113557,H,H
2025/2026,2025-11-30,Tigres UANL,Club Tijuana,5,0,H,0.56452,0.257247,0.178234,0.70487,0.179996,0.115135,H,H
2025/2026,2025-12-01,Cruz Azul,Guadalajara Chivas,3,2,H,0.606606,0.242168,0.151226,0.448046,0.27969,0.272264,H,H
2025/2026,2025-12-04,Cruz Azul,Tigres UANL,1,1,D,0.489517,0.283452,0.227031,0.413538,0.294629,0.291832,H,H
2025/2026,2025-12-04,Monterrey,Toluca,1,0,H,0.404382,0.300632,0.294986,0.356411,0.268344,0.375245,H,A
2025/2026,2025-12-07,Toluca,Monterrey,3,2,H,0.502371,0.275609,0.22202,0.662156,0.191749,0.146095,H,H
2025/2026,2025-12-07,Tigres UANL,Cruz Azul,1,1,D,0.457328,0.284112,0.25856,0.490367,0.269558,0.240075,H,H
2025/2026,2025-12-12,Tigres UANL,Toluca,1,0,H,0.485337,0.288459,0.226204,0.455214,0.285211,0.259574,H,H
2025/2026,2025-12-15,Toluca,Tigres UANL,2,1,H,0.451271,0.290786,0.257944,0.598292,0.226736,0.174972,H,H
2025/2026,2026-01-10,Mazatlan FC,Juarez,1,2,A,0.385967,0.269347,0.344687,0.327722,0.300947,0.37133,H,A
2025/2026,2026-01-10,Atlas,Puebla,1,0,H,0.519937,0.231751,0.248312,0.405508,0.287657,0.306835,H,H
2025/2026,2026-01-10,Guadalajara Chivas,Pachuca,2,0,H,0.482012,0.276171,0.241817,0.569423,0.234724,0.195853,H,H
2025/2026,2026-01-10,Club Tijuana,Club America,0,0,D,0.264787,0.312177,0.423036,0.276052,0.27198,0.451968,A,A
2025/2026,2026-01-11,Santos Laguna,Necaxa,1,3,A,0.270492,0.277065,0.452443,0.297756,0.259905,0.442339,A,A
2025/2026,2026-01-11,Monterrey,Toluca,0,1,A,0.415076,0.298709,0.286215,0.46396,0.266075,0.269965,H,H
2025/2026,2026-01-11,UNAM Pumas,Queretaro,1,1,D,0.583108,0.242829,0.174064,0.538674,0.266995,0.194332,H,H
2025/2026,2026-01-11,Club Leon,Cruz Azul,2,1,H,0.199358,0.26866,0.531982,0.201937,0.248747,0.549316,A,A
2025/2026,2026-01-12,Atl. San Luis,Tigres UANL,1,2,A,0.214316,0.292167,0.493517,0.306707,0.278824,0.414469,A,A
2025/2026,2026-01-13,Puebla,Mazatlan FC,2,1,H,0.333033,0.269721,0.397246,0.546466,0.25233,0.201204,A,H
2025/2026,2026-01-14,Necaxa,Monterrey,0,2,A,0.339315,0.309723,0.350963,0.377454,0.266953,0.355593,A,H
2025/2026,2026-01-14,Pachuca,Club Leon,2,1,H,0.530143,0.249188,0.220669,0.510628,0.25889,0.230483,H,H
2025/2026,2026-01-14,Juarez,Guadalajara Chivas,0,1,A,0.350179,0.289671,0.36015,0.199148,0.269024,0.531828,A,A
2025/2026,2026-01-14,Cruz Azul,Atlas,2,0,H,0.709923,0.193675,0.096403,0.687694,0.192785,0.119521,H,H
2025/2026,2026-01-15,Toluca,Santos Laguna,3,1,H,0.757985,0.165852,0.076163,0.788959,0.130563,0.080478,H,H
2025/2026,2026-01-15,Tigres UANL,UNAM Pumas,0,1,A,0.601124,0.234834,0.164041,0.583256,0.246402,0.170341,H,H
2025/2026,2026-01-15,Club America,Atl. San Luis,0,2,A,0.652732,0.20804,0.139228,0.63929,0.214587,0.146123,H,H
2025/2026,2026-01-15,Queretaro,Club Tijuana,1,2,A,0.341856,0.310139,0.348005,0.357138,0.292513,0.350349,A,H
2025/2026,2026-01-17,Mazatlan FC,Monterrey,1,5,A,0.224347,0.274068,0.501585,0.167584,0.219057,0.613359,A,A
2025/2026,2026-01-17,Necaxa,Atlas,0,1,A,0.53286,0.264522,0.202618,0.510477,0.257371,0.232152,H,H
2025/2026,2026-01-17,Guadalajara Chivas,Queretaro,2,1,H,0.60617,0.239943,0.153888,0.725255,0.179197,0.095547,H,H
2025/2026,2026-01-18,Tigres UANL,Toluca,0,0,D,0.413531,0.302965,0.283504,0.436912,0.277676,0.285413,H,H
2025/2026,2026-01-18,Cruz Azul,Puebla,1,0,H,0.782901,0.150262,0.066836,0.610024,0.222497,0.167479,H,H
2025/2026,2026-01-18,Club Tijuana,Atl. San Luis,1,1,D,0.450286,0.270801,0.278913,0.476836,0.267527,0.255637,H,H
2025/2026,2026-01-18,UNAM Pumas,Club Leon,1,1,D,0.49965,0.27065,0.2297,0.440317,0.273888,0.285796,H,H
2025/2026,2026-01-18,Santos Laguna,Juarez,2,2,D,0.297422,0.291146,0.411432,0.303765,0.27976,0.416475,A,A
2025/2026,2026-01-19,Pachuca,Club America,0,0,D,0.335204,0.303142,0.361653,0.305108,0.30112,0.393772,A,A
2025/2026,2026-01-31,Puebla,Toluca,0,0,D,0.120231,0.276408,0.603361,0.138521,0.21537,0.646109,A,A
2025/2026,2026-01-31,UNAM Pumas,Santos Laguna,4,0,H,0.594144,0.227511,0.178346,0.613996,0.217127,0.168877,H,H
2025/2026,2026-01-31,Juarez,Cruz Azul,3,4,A,0.248135,0.301843,0.450022,0.269338,0.273322,0.457341,A,A
2025/2026,2026-01-31,Club America,Necaxa,2,0,H,0.602992,0.23351,0.163498,0.637244,0.226472,0.136284,H,H
2025/2026,2026-01-31,Atl. San Luis,Guadalajara Chivas,2,3,A,0.355694,0.295283,0.349023,0.205179,0.259932,0.534889,H,A
2025/2026,2026-01-31,Atlas,Mazatlan FC,1,0,H,0.473935,0.260389,0.265676,0.526983,0.259801,0.213216,H,H
2025/2026,2026-02-01,Queretaro,Pachuca,0,0,D,0.346724,0.301922,0.351354,0.28837,0.283079,0.42855,A,A
2025/2026,2026-02-01,Club Leon,Tigres UANL,1,2,A,0.276683,0.303309,0.420009,0.267258,0.270384,0.462357,A,A
2025/2026,2026-02-01,Monterrey,Club Tijuana,2,2,D,0.630836,0.230328,0.138836,0.564577,0.240495,0.194928,H,H
2025/2026,2026-02-07,Necaxa,Atl. San Luis,4,1,H,0.427778,0.262705,0.309517,0.376484,0.286734,0.336782,H,H
2025/2026,2026-02-07,Tigres UANL,Santos Laguna,5,1,H,0.752703,0.164036,0.083261,0.73843,0.162377,0.099192,H,H
2025/2026,2026-02-07,Club Tijuana,Puebla,0,0,D,0.610156,0.238268,0.151576,0.560938,0.23916,0.199902,H,H
2025/2026,2026-02-07,Mazatlan FC,Guadalajara Chivas,1,2,A,0.234685,0.274644,0.490671,0.130066,0.200754,0.66918,A,A
2025/2026,2026-02-07,Queretaro,Club Leon,2,0,H,0.411953,0.270662,0.317386,0.342221,0.289654,0.368126,H,A
2025/2026,2026-02-07,Toluca,Cruz Azul,1,1,D,0.454116,0.301211,0.244673,0.5028,0.263576,0.233624,H,H
2025/2026,2026-02-08,Club America,Monterrey,1,0,H,0.416577,0.286915,0.296508,0.529044,0.258611,0.212346,H,H
2025/2026,2026-02-08,Atlas,UNAM Pumas,2,2,D,0.309407,0.309992,0.3806,0.339082,0.303507,0.357411,A,A
2025/2026,2026-02-08,Pachuca,Juarez,2,0,H,0.485619,0.267733,0.246649,0.473348,0.277186,0.249467,H,H
2025/2026,2026-02-14,Puebla,UNAM Pumas,2,3,A,0.240802,0.287724,0.471474,0.361875,0.289957,0.348168,A,H
2025/2026,2026-02-14,Toluca,Club Tijuana,1,0,H,0.625463,0.240399,0.134137,0.760702,0.154697,0.0846,H,H
2025/2026,2026-02-14,Atl. San Luis,Queretaro,3,0,H,0.435426,0.274591,0.289984,0.477093,0.274045,0.248862,H,H
2025/2026,2026-02-14,Pachuca,Atlas,3,1,H,0.534646,0.272902,0.192451,0.53898,0.264085,0.196935,H,H
2025/2026,2026-02-15,Santos Laguna,Mazatlan FC,1,2,A,0.356181,0.254232,0.389587,0.511529,0.25228,0.236191,A,H
2025/2026,2026-02-15,Cruz Azul,Tigres UANL,2,1,H,0.472775,0.296052,0.231173,0.418698,0.286067,0.295236,H,H
2025/2026,2026-02-15,Guadalajara Chivas,Club America,1,0,H,0.353472,0.352923,0.293606,0.420222,0.286693,0.293085,H,H
2025/2026,2026-02-15,Juarez,Necaxa,1,2,A,0.415848,0.271475,0.312676,0.434275,0.285035,0.28069,H,H
2025/2026,2026-02-15,Monterrey,Club Leon,1,0,H,0.683301,0.19885,0.11785,0.601926,0.222989,0.175085,H,H
2025/2026,2026-02-21,Tigres UANL,Pachuca,1,2,A,0.619375,0.241113,0.139512,0.618885,0.220505,0.16061,H,H
2025/2026,2026-02-21,Puebla,Club America,0,4,A,0.174023,0.292776,0.533201,0.196261,0.264306,0.539432,A,A
2025/2026,2026-02-21,Atlas,Atl. San Luis,3,2,H,0.394203,0.280758,0.325038,0.397208,0.290124,0.312667,H,H
2025/2026,2026-02-22,UNAM Pumas,Monterrey,2,0,H,0.343752,0.313575,0.342673,0.367246,0.275434,0.35732,H,H
2025/2026,2026-02-22,Cruz Azul,Guadalajara Chivas,2,1,H,0.570754,0.276401,0.152845,0.409611,0.272271,0.318117,H,H
2025/2026,2026-02-22,Club Tijuana,Mazatlan FC,1,1,D,0.610734,0.219127,0.17014,0.624392,0.221077,0.154532,H,H
2025/2026,2026-02-22,Club Leon,Santos Laguna,2,1,H,0.582187,0.204863,0.212949,0.578533,0.225769,0.195698,H,H
2025/2026,2026-02-22,Necaxa,Toluca,0,3,A,0.248989,0.317854,0.433157,0.180146,0.241133,0.57872,A,A
2025/2026,2026-02-28,Toluca,Guadalajara Chivas,2,0,H,0.60374,0.246772,0.149488,0.449416,0.28561,0.264974,H,H
2025/2026,2026-02-28,Mazatlan FC,Pachuca,1,0,H,0.252771,0.303774,0.443455,0.269163,0.276459,0.454378,A,A
2025/2026,2026-02-28,Queretaro,Santos Laguna,2,2,D,0.554142,0.220945,0.224913,0.487643,0.261188,0.251169,H,H
2025/2026,2026-02-28,Juarez,Atlas,3,1,H,0.469057,0.256385,0.274558,0.463051,0.282976,0.253973,H,H
2025/2026,2026-02-28,Club Tijuana,UNAM Pumas,1,1,D,0.414229,0.275744,0.310027,0.430054,0.268626,0.30132,H,H
2025/2026,2026-02-28,Atl. San Luis,Puebla,0,1,A,0.595725,0.225362,0.178913,0.440438,0.275937,0.283625,H,H
2025/2026,2026-03-01,Club Leon,Necaxa,2,1,H,0.411702,0.272839,0.315459,0.444868,0.268748,0.286384,H,H
2025/2026,2026-03-01,Club America,Tigres UANL,1,4,A,0.4736,0.284067,0.242333,0.430245,0.293725,0.276031,H,H
2025/2026,2026-03-01,Monterrey,Cruz Azul,0,2,A,0.425882,0.294058,0.28006,0.352495,0.27035,0.377155,H,A
2025/2026,2026-03-04,Pachuca,Necaxa,2,1,H,0.5246,0.261481,0.213918,0.543216,0.243018,0.213766,H,H
2025/2026,2026-03-04,Santos Laguna,Cruz Azul,1,2,A,0.117485,0.244369,0.638146,0.128666,0.192999,0.678335,A,A
2025/2026,2026-03-04,Atl. San Luis,Mazatlan FC,4,1,H,0.524959,0.251628,0.223414,0.584946,0.236978,0.178076,H,H
2025/2026,2026-03-04,UNAM Pumas,Toluca,2,3,A,0.318349,0.334755,0.346896,0.249679,0.260259,0.490062,A,A
2025/2026,2026-03-05,Club America,Juarez,1,2,A,0.636194,0.214386,0.14942,0.543249,0.259417,0.197334,H,H
2025/2026,2026-03-05,Monterrey,Queretaro,4,0,H,0.61373,0.226449,0.159821,0.611093,0.226164,0.162743,H,H
2025/2026,2026-03-05,Puebla,Tigres UANL,3,1,H,0.116278,0.24011,0.643612,0.240355,0.273876,0.485769,A,A
2025/2026,2026-03-05,Atlas,Club Tijuana,2,1,H,0.351392,0.300288,0.348319,0.450393,0.276439,0.273168,H,H
2025/2026,2026-03-07,Queretaro,Club America,1,2,A,0.197673,0.281495,0.520831,0.205583,0.270473,0.523944,A,A
2025/2026,2026-03-07,Cruz Azul,Atl. San Luis,3,0,H,0.669345,0.213339,0.117315,0.655817,0.203579,0.140604,H,H
2025/2026,2026-03-07,Mazatlan FC,Club Leon,4,2,H,0.342081,0.2938,0.364118,0.303186,0.266945,0.429869,A,A
2025/2026,2026-03-07,Necaxa,UNAM Pumas,0,1,A,0.357113,0.280393,0.362494,0.323693,0.265522,0.410785,A,A
2025/2026,2026-03-08,Tigres UANL,Monterrey,1,0,H,0.559965,0.253178,0.186857,0.500518,0.260954,0.238528,H,H
2025/2026,2026-03-08,Atlas,Guadalajara Chivas,1,2,A,0.327566,0.300897,0.371537,0.184866,0.252599,0.562536,A,A
2025/2026,2026-03-08,Pachuca,Puebla,2,1,H,0.632162,0.230988,0.13685,0.524315,0.257739,0.217946,H,H
2025/2026,2026-03-08,Toluca,Juarez,3,1,H,0.693318,0.201732,0.10495,0.63001,0.21745,0.15254,H,H
2025/2026,2026-03-09,Club Tijuana,Santos Laguna,1,2,A,0.622833,0.20107,0.176097,0.598411,0.222766,0.178822,H,H
2025/2026,2026-03-14,Guadalajara Chivas,Santos Laguna,3,0,H,0.642775,0.217215,0.14001,0.739355,0.158524,0.102121,H,H
2025/2026,2026-03-14,Atl. San Luis,Pachuca,1,1,D,0.37365,0.292897,0.333453,0.321049,0.275185,0.403765,H,A
2025/2026,2026-03-14,Puebla,Necaxa,0,0,D,0.326685,0.282499,0.390816,0.429033,0.270505,0.300463,A,H
2025/2026,2026-03-14,Juarez,Monterrey,2,2,D,0.292724,0.302567,0.404709,0.365708,0.267126,0.367165,A,A
2025/2026,2026-03-15,Club Leon,Club Tijuana,0,3,A,0.34442,0.288357,0.367223,0.526986,0.239539,0.233475,A,H
2025/2026,2026-03-15,Toluca,Atlas,1,1,D,0.713273,0.194855,0.091872,0.607117,0.230129,0.162754,H,H
2025/2026,2026-03-15,UNAM Pumas,Cruz Azul,2,2,D,0.288545,0.328327,0.383128,0.275916,0.263303,0.46078,A,A
2025/2026,2026-03-15,Tigres UANL,Queretaro,0,0,D,0.711768,0.182594,0.105638,0.655018,0.207545,0.137437,H,H
2025/2026,2026-03-16,Club America,Mazatlan FC,2,0,H,0.730032,0.177491,0.092477,0.76516,0.154051,0.080789,H,H
2025/2026,2026-03-19,Guadalajara Chivas,Club Leon,5,0,H,0.643353,0.219018,0.137629,0.67284,0.196964,0.130196,H,H
2025/2026,2026-03-21,Necaxa,Club Tijuana,3,0,H,0.359421,0.271246,0.369334,0.435244,0.269014,0.295743,A,H
2025/2026,2026-03-21,Mazatlan FC,Cruz Azul,1,1,D,0.140891,0.281208,0.577901,0.188718,0.219722,0.59156,A,A
2025/2026,2026-03-21,Atlas,Queretaro,0,0,D,0.497876,0.257524,0.2446,0.482563,0.276785,0.240652,H,H
2025/2026,2026-03-22,Pachuca,Toluca,1,1,D,0.254048,0.320106,0.425846,0.256187,0.250618,0.493195,A,A
2025/2026,2026-03-22,Atl. San Luis,Club Leon,1,2,A,0.53076,0.23372,0.23552,0.431556,0.261623,0.306821,H,H
2025/2026,2026-03-22,Monterrey,Guadalajara Chivas,2,3,A,0.430278,0.275722,0.293999,0.269797,0.257021,0.473182,H,A
2025/2026,2026-03-22,UNAM Pumas,Club America,1,0,H,0.347003,0.296612,0.356385,0.340616,0.276368,0.383016,A,A
2025/2026,2026-03-22,Santos Laguna,Puebla,2,1,H,0.437032,0.269669,0.2933,0.374874,0.270437,0.354689,H,H
2025/2026,2026-03-23,Juarez,Tigres UANL,2,1,H,0.274836,0.299305,0.425859,0.279145,0.276638,0.444217,A,A
2025/2026,2026-04-04,Club Tijuana,Tigres UANL,1,0,H,0.32267,0.289031,0.388299,0.225514,0.26011,0.514375,A,A
2025/2026,2026-04-04,Necaxa,Mazatlan FC,2,1,H,0.564158,0.23224,0.203603,0.59504,0.223503,0.181458,H,H
2025/2026,2026-04-04,Puebla,Juarez,1,1,D,0.319289,0.284308,0.396403,0.372559,0.273581,0.35386,A,H
2025/2026,2026-04-05,Monterrey,Atl. San Luis,1,2,A,0.658095,0.202346,0.139559,0.611313,0.217291,0.171396,H,H
2025/2026,2026-04-05,Queretaro,Toluca,1,0,H,0.169743,0.274867,0.55539,0.171278,0.221874,0.606848,A,A
2025/2026,2026-04-05,Cruz Azul,Pachuca,1,2,A,0.640444,0.235237,0.124319,0.424266,0.267176,0.308557,H,H
2025/2026,2026-04-05,Club Leon,Atlas,2,0,H,0.32679,0.296357,0.376852,0.428739,0.277191,0.294071,A,H
2025/2026,2026-04-05,Santos Laguna,Club America,1,1,D,0.173509,0.278319,0.548172,0.198311,0.236134,0.565555,A,A
2025/2026,2026-04-06,Guadalajara Chivas,UNAM Pumas,2,2,D,0.569652,0.260504,0.169844,0.622626,0.211866,0.165508,H,H
2025/2026,2026-04-08,Queretaro,Juarez,1,1,D,0.374652,0.281711,0.343637,0.339982,0.280537,0.379481,H,A
2025/2026,2026-04-11,Puebla,Club Leon,0,1,A,0.409713,0.259642,0.330645,0.354214,0.26825,0.377537,H,A
2025/2026,2026-04-11,Juarez,Club Tijuana,1,2,A,0.42227,0.280118,0.297612,0.555575,0.239347,0.205078,H,H
2025/2026,2026-04-12,UNAM Pumas,Mazatlan FC,3,1,H,0.616541,0.220494,0.162964,0.737107,0.159134,0.103759,H,H
2025/2026,2026-04-12,Club America,Cruz Azul,1,1,D,0.37216,0.298166,0.329674,0.33024,0.298074,0.371687,H,A
2025/2026,2026-04-12,Pachuca,Santos Laguna,4,2,H,0.649143,0.222893,0.127964,0.679326,0.1864,0.134274,H,H
2025/2026,2026-04-12,Queretaro,Necaxa,3,1,H,0.400312,0.290746,0.308942,0.391278,0.27578,0.332942,H,H
2025/2026,2026-04-12,Tigres UANL,Guadalajara Chivas,4,1,H,0.389104,0.282551,0.328345,0.378996,0.278775,0.342228,H,H
2025/2026,2026-04-12,Atlas,Monterrey,0,0,D,0.265548,0.275507,0.458945,0.331006,0.272073,0.396921,A,A
2025/2026,2026-04-13,Toluca,Atl. San Luis,1,1,D,0.717614,0.186363,0.096023,0.603696,0.222183,0.174121,H,H
2025/2026,2026-04-18,Atl. San Luis,UNAM Pumas,0,2,A,0.31508,0.296913,0.388007,0.317308,0.259615,0.423077,A,A
2025/2026,2026-04-18,Mazatlan FC,Queretaro,1,1,D,0.389929,0.294068,0.316003,0.33431,0.272805,0.392885,H,A
2025/2026,2026-04-19,Club Leon,Juarez,3,1,H,0.328545,0.303266,0.368189,0.428054,0.262474,0.309472,A,H
2025/2026,2026-04-19,Club America,Toluca,2,1,H,0.374742,0.307198,0.31806,0.332348,0.28224,0.385412,H,A
2025/2026,2026-04-19,Guadalajara Chivas,Puebla,5,0,H,0.735048,0.180448,0.084504,0.752564,0.158298,0.089139,H,H
2025/2026,2026-04-19,Cruz Azul,Club Tijuana,1,1,D,0.699529,0.196824,0.103648,0.726099,0.167663,0.106238,H,H
2025/2026,2026-04-19,Necaxa,Tigres UANL,1,1,D,0.280175,0.306607,0.413219,0.261143,0.268801,0.470057,A,A
2025/2026,2026-04-19,Monterrey,Pachuca,1,3,A,0.48738,0.259827,0.252793,0.395594,0.264489,0.339917,H,H
2025/2026,2026-04-20,Santos Laguna,Atlas,0,1,A,0.295307,0.302848,0.401845,0.362612,0.267466,0.369922,A,A
2025/2026,2026-04-22,Queretaro,Cruz Azul,1,1,D,0.198701,0.292957,0.508341,0.190241,0.223185,0.586575,A,A
2025/2026,2026-04-22,UNAM Pumas,Juarez,4,2,H,0.574518,0.249955,0.175527,0.557638,0.228881,0.213481,H,H
2025/2026,2026-04-22,Monterrey,Puebla,2,1,H,0.7055,0.181275,0.113225,0.616468,0.213118,0.170415,H,H
2025/2026,2026-04-22,Club Leon,Club America,2,3,A,0.223872,0.328642,0.447486,0.27595,0.279315,0.444735,A,A
2025/2026,2026-04-23,Atl. San Luis,Santos Laguna,2,0,H,0.538078,0.240474,0.221448,0.508823,0.242297,0.248881,H,H
2025/2026,2026-04-23,Atlas,Tigres UANL,0,0,D,0.252426,0.297625,0.449949,0.192851,0.262829,0.54432,A,A
2025/2026,2026-04-23,Mazatlan FC,Toluca,4,3,H,0.163308,0.263454,0.573237,0.190534,0.220763,0.588702,A,A
2025/2026,2026-04-23,Club Tijuana,Pachuca,3,1,H,0.334727,0.307892,0.357381,0.48853,0.339784,0.171686,A,H
2025/2026,2026-04-23,Necaxa,Guadalajara Chivas,0,0,D,0.226951,0.274859,0.49819,0.32326,0.38109,0.29565,A,D
2025/2026,2026-04-25,Puebla,Queretaro,1,2,A,0.297213,0.282604,0.420183,0.358811,0.278106,0.363083,A,A
2025/2026,2026-04-26,Juarez,Atl. San Luis,2,1,H,0.472886,0.260549,0.266565,0.471521,0.256232,0.272247,H,H
2025/2026,2026-04-26,Club America,Atlas,0,1,A,0.646918,0.23472,0.118361,0.614936,0.239857,0.145207,H,H
2025/2026,2026-04-26,Guadalajara Chivas,Club Tijuana,0,0,D,0.609982,0.238906,0.151112,0.677764,0.189437,0.132799,H,H
2025/2026,2026-04-26,Pachuca,UNAM Pumas,0,2,A,0.449394,0.292908,0.257699,0.476025,0.256733,0.267242,H,H
2025/2026,2026-04-26,Tigres UANL,Mazatlan FC,5,1,H,0.687926,0.188457,0.123617,0.776174,0.143556,0.08027,H,H
2025/2026,2026-04-26,Toluca,Club Leon,4,1,H,0.7092,0.186033,0.104768,0.510465,0.239197,0.250338,H,H
2025/2026,2026-04-27,Santos Laguna,Monterrey,3,0,H,0.208894,0.266847,0.524259,0.340427,0.254375,0.405198,A,A
2025/2026,2026-04-27,Cruz Azul,Necaxa,4,1,H,0.700637,0.193567,0.105797,0.740806,0.160314,0.09888,H,H
2025/2026,2026-05-03,Tigres UANL,Guadalajara Chivas,3,1,H,0.499172,0.268416,0.232412,0.497005,0.273799,0.229195,H,H
2025/2026,2026-05-03,Atlas,Cruz Azul,2,3,A,0.191226,0.293247,0.515527,0.221897,0.286588,0.491514,A,A
2025/2026,2026-05-04,Club America,UNAM Pumas,3,3,D,0.467553,0.283234,0.249213,0.495735,0.335123,0.169142,H,H
2025/2026,2026-05-04,Toluca,Pachuca,0,1,A,0.630069,0.214466,0.155465,0.497221,0.254843,0.247937,H,H
2025/2026,2026-05-10,Guadalajara Chivas,Tigres UANL,2,0,H,0.412188,0.282957,0.304856,0.457205,0.267371,0.275424,H,H
2025/2026,2026-05-10,Cruz Azul,Atlas,1,0,H,0.708256,0.20275,0.088994,0.615117,0.224089,0.160794,H,H
2025/2026,2026-05-11,Pachuca,Toluca,2,0,H,0.317988,0.293194,0.388818,0.340886,0.268698,0.390416,A,A
2025/2026,2026-05-11,UNAM Pumas,Club America,3,3,D,0.446857,0.293535,0.259609,0.37379,0.275074,0.351136,H,H
2025/2026,2026-05-14,Cruz Azul,Guadalajara Chivas,2,2,D,0.525226,0.282027,0.192746,0.432385,0.280718,0.286897,H,H
2025/2026,2026-05-15,Pachuca,UNAM Pumas,1,0,H,0.392418,0.288575,0.319007,0.469026,0.265872,0.265102,H,H
2025/2026,2026-05-17,Guadalajara Chivas,Cruz Azul,1,2,A,0.372168,0.295273,0.332559,0.416384,0.279282,0.304334,H,H
2025/2026,2026-05-18,UNAM Pumas,Pachuca,1,0,H,0.519103,0.275491,0.205406,0.401924,0.257412,0.340664,H,H
2025/2026,2026-05-22,Cruz Azul,UNAM Pumas,0,0,D,0.55198,0.26869,0.17933,0.554623,0.246002,0.199374,H,H
2025/2026,2026-05-25,UNAM Pumas,Cruz Azul,1,2,A,0.39452,0.300817,0.304664,0.308368,0.280936,0.410696,H,A
